
/*  Popolamento tabella regione  */
INSERT INTO regione VALUES ( 'Lombardia', 'Italia', 4 );
INSERT INTO regione VALUES ( 'Lazio', 'Italia', 3 );
INSERT INTO regione VALUES ( 'Veneto', 'Italia', 2 );
INSERT INTO regione VALUES ( 'Sicilia', 'Italia', 1 );
INSERT INTO regione VALUES ( 'Toscana', 'Italia', 2 );
INSERT INTO regione VALUES ( 'Piemonte', 'Italia', 2 );
INSERT INTO regione VALUES ( 'Emilia-Romagna', 'Italia', 3 );
INSERT INTO regione VALUES ( 'Campania', 'Italia', 2 );
INSERT INTO regione VALUES ( 'Puglia', 'Italia', 1 );
INSERT INTO regione VALUES ( 'Alvernia-Rodano-Alpi', 'Francia', 0 );
INSERT INTO regione VALUES ( 'Borgogna-Franca Contea', 'Francia', 0 );
INSERT INTO regione VALUES ( 'Baviera', 'Germania', 0 );
INSERT INTO regione VALUES ( 'Andalusia', 'Spagna', 0 );
INSERT INTO regione VALUES ( 'Noord-Holland', 'Paesi Bassi', 0 );
INSERT INTO regione VALUES ( 'Stockholm', 'Svezia', 0 );
INSERT INTO regione VALUES ( 'Lisboa', 'Portogallo', 0 );


/*  Popolamento tabella socio  */
INSERT INTO socio VALUES ( 'ABWMI2010LR0001', 'Luca', 'Rossi', 'luca.rossi@gmail.com', '3491234567', DATE '1977-09-21', DATE '2010-03-15' );
INSERT INTO socio VALUES ( 'ABWRM2003MB0001', 'Marco', 'Bianchi', 'marco.bianchi@libero.it', '3401112233', DATE '1984-02-12', DATE '2003-11-02' );
INSERT INTO socio VALUES ( 'ABWVE2010GV0002', 'Giulia', 'Verdi', 'giulia.verdi@yahoo.com', '3351234890', DATE '1992-11-03', DATE '2010-01-28' );
INSERT INTO socio VALUES ( 'ABWPA2007FR0001', 'Francesca', 'Russo', 'francesca.russo@outlook.com', '3381112244', DATE '1988-04-28', DATE '2007-07-19' );
INSERT INTO socio VALUES ( 'ABWTO2014AF0001', 'Alessandro', 'Ferrari', 'alessandro.ferrari@tim.it', '3321234567', DATE '1995-07-15', DATE '2014-12-03' );
INSERT INTO socio VALUES ( 'ABWFI2010SE0003', 'Sara', 'Esposito', 'sara.esposito@fastwebnet.it', '3491112255', DATE '1991-01-06', DATE '2010-05-11' );
INSERT INTO socio VALUES ( 'ABWBO2005DC0001', 'Davide', 'Colombo', 'davide.colombo@alice.it', '3421234890', DATE '1981-12-17', DATE '2005-09-22' );
INSERT INTO socio VALUES ( 'ABWNA2012ER0001', 'Elena', 'Ricci', 'elena.ricci@icloud.com', '3381234567', DATE '1993-03-08', DATE '2012-02-14' );
INSERT INTO socio VALUES ( 'ABWBA2008SG0001', 'Simone', 'Gallo', 'simone.gallo@virgilio.it', '3351112233', DATE '1989-08-29', DATE '2008-08-27' );
INSERT INTO socio VALUES ( 'ABWMI2013VG0004', 'Valentina', 'Greco', 'valentina.greco@hotmail.com', '3491234890', DATE '1994-05-10', DATE '2013-04-09' );
INSERT INTO socio VALUES ( 'ABWRM2000MC0001', 'Matteo', 'Conti', 'matteo.conti@gmail.com', '3401234567', DATE '1978-10-11', DATE '2000-10-30' );
INSERT INTO socio VALUES ( 'ABWVE2016CM0001', 'Chiara', 'Mancini', 'chiara.mancini@libero.it', '3321112244', DATE '1997-06-22', DATE '2016-06-18' );
INSERT INTO socio VALUES ( 'ABWPA2004SL0001', 'Stefano', 'Lombardi', 'stefano.lombardi@yahoo.com', '3381234890', DATE '1986-03-13', DATE '2004-03-07' );
INSERT INTO socio VALUES ( 'ABWTO2017MM0001', 'Martina', 'Moretti', 'martina.moretti@outlook.com', '3491112233', DATE '1998-12-04', DATE '2017-11-25' );
INSERT INTO socio VALUES ( 'ABWFI2010FB0005', 'Fabio', 'Barbieri', 'fabio.barbieri@tim.it', '3401234890', DATE '1992-02-25', DATE '2010-08-02' );
INSERT INTO socio VALUES ( 'ABWBO2002PF0001', 'Paola', 'Fontana', 'paola.fontana@fastwebnet.it', '3321234890', DATE '1984-11-16', DATE '2002-04-16' );
INSERT INTO socio VALUES ( 'ABWNA2010AM0002', 'Andrea', 'Mariani', 'andrea.mariani@alice.it', '3491112244', DATE '1978-06-27', DATE '2010-12-21' );
INSERT INTO socio VALUES ( 'ABWBA2001RR0001', 'Roberta', 'Riva', 'roberta.riva@icloud.com', '3381112233', DATE '1983-05-03', DATE '2001-05-13' );
INSERT INTO socio VALUES ( 'ABWMI2010GF0006', 'Giorgio', 'Ferri', 'giorgio.ferri@virgilio.it', '3351234567', DATE '1971-09-19', DATE '2010-10-17' );
INSERT INTO socio VALUES ( 'ABWRM2000SM0002', 'Silvia', 'Martini', 'silvia.martini@hotmail.com', '3401112244', DATE '1981-04-20', DATE '2000-02-05' );
INSERT INTO socio VALUES ( 'ABWVE2001LB0001', 'Lorenzo', 'Bianco', 'lorenzo.bianco@gmail.com', '3491234123', DATE '1983-07-01', DATE '2001-09-29' );
INSERT INTO socio VALUES ( 'ABWPA2012FL0002', 'Federica', 'Longo', 'federica.longo@libero.it', '3321112233', DATE '1969-10-22', DATE '2012-07-04' );
INSERT INTO socio VALUES ( 'ABWTO2000NG0001', 'Nicola', 'Gatti', 'nicola.gatti@yahoo.com', '3381234123', DATE '1968-02-15', DATE '2000-11-12' );
INSERT INTO socio VALUES ( 'ABWFI2015IT0001', 'Ilaria', 'Testa', 'ilaria.testa@outlook.com', '3491234244', DATE '1995-08-14', DATE '2015-03-23' );
INSERT INTO socio VALUES ( 'ABWBO2000DV0001', 'Daniele', 'Villa', 'daniele.villa@tim.it', '3401234244', DATE '1976-01-25', DATE '2000-07-08' );
INSERT INTO socio VALUES ( 'ABWNA2016MS0001', 'Michela', 'Serra', 'michela.serra@fastwebnet.it', '3321234244', DATE '1983-05-26', DATE '2016-01-29' );


/* Popolamento tabella stato  */
INSERT INTO stato VALUES ( 'ABWMI2010LR0001', 'attivo', DATE '2010-03-15' );
INSERT INTO stato VALUES ( 'ABWRM2003MB0001', 'attivo', DATE '2003-11-02' );
INSERT INTO stato VALUES ( 'ABWVE2010GV0002', 'attivo', DATE '2010-01-28' );
INSERT INTO stato VALUES ( 'ABWPA2007FR0001', 'attivo', DATE '2007-07-19' );
INSERT INTO stato VALUES ( 'ABWTO2014AF0001', 'attivo',  DATE '2014-12-03' );
INSERT INTO stato VALUES ( 'ABWFI2010SE0003', 'attivo',  DATE '2010-05-11' );
INSERT INTO stato VALUES ( 'ABWBO2005DC0001', 'attivo', DATE '2005-09-22' );
INSERT INTO stato VALUES ( 'ABWNA2012ER0001', 'attivo', DATE '2012-02-14' );
INSERT INTO stato VALUES ( 'ABWBA2008SG0001', 'attivo', DATE '2008-08-27' );
INSERT INTO stato VALUES ( 'ABWMI2013VG0004', 'attivo', DATE '2013-04-09' );
INSERT INTO stato VALUES ( 'ABWRM2000MC0001', 'attivo', DATE '2000-10-30' );
INSERT INTO stato VALUES ( 'ABWVE2016CM0001', 'attivo', DATE '2016-06-18' );
INSERT INTO stato VALUES ( 'ABWPA2004SL0001', 'attivo', DATE '2004-03-07' );
INSERT INTO stato VALUES ( 'ABWTO2017MM0001', 'attivo', DATE '2017-11-25' );
INSERT INTO stato VALUES ( 'ABWFI2010FB0005', 'attivo', DATE '2010-08-02' );
INSERT INTO stato VALUES ( 'ABWBO2002PF0001', 'attivo',  DATE '2002-04-16' );
INSERT INTO stato VALUES ( 'ABWNA2010AM0002', 'attivo', DATE '2010-12-21' );
INSERT INTO stato VALUES ( 'ABWBA2001RR0001', 'attivo', DATE '2001-05-13' );
INSERT INTO stato VALUES ( 'ABWMI2010GF0006', 'attivo', DATE '2010-10-17' );
INSERT INTO stato VALUES ( 'ABWRM2000SM0002', 'attivo', DATE '2000-02-05' );
INSERT INTO stato VALUES ( 'ABWVE2001LB0001', 'attivo', DATE '2001-09-29' );
INSERT INTO stato VALUES ( 'ABWPA2012FL0002', 'attivo', DATE '2012-07-04' );
INSERT INTO stato VALUES ( 'ABWTO2000NG0001', 'attivo', DATE '2000-11-12' );
INSERT INTO stato VALUES ( 'ABWFI2015IT0001', 'attivo', DATE '2015-03-23' );
INSERT INTO stato VALUES ( 'ABWBO2000DV0001', 'attivo', DATE '2000-07-08' );
INSERT INTO stato VALUES ( 'ABWNA2016MS0001', 'attivo', DATE '2016-01-29' );
INSERT INTO stato VALUES ( 'ABWNA2016MS0001', 'inattivo', DATE '2016-02-29' );
INSERT INTO stato VALUES ( 'ABWVE2016CM0001', 'inattivo', DATE '2016-07-18' );
INSERT INTO stato VALUES ( 'ABWMI2013VG0004', 'inattivo', DATE '2013-05-09' );
INSERT INTO stato VALUES ( 'ABWNA2010AM0002', 'inattivo', DATE '2011-01-21' );


/*  Popolamento tabella responsabile  */
INSERT INTO responsabile VALUES ( 'ABWRM2000MC0001', 'matteo.conti@abw.com', 'tecnico');
INSERT INTO responsabile VALUES ( 'ABWVE2016CM0001', 'chiara.mancini@abw.com', 'amministrativo' );
INSERT INTO responsabile VALUES ( 'ABWPA2004SL0001', 'stefano.lombardi@abw.com', 'tecnico' );
INSERT INTO responsabile VALUES ( 'ABWTO2017MM0001', 'martina.moretti@abw.com', 'amministrativo' );
-- ( alcuni responsabili extra per arrivare a 15 per il numero minimo) 
INSERT INTO responsabile VALUES ( 'ABWFI2010FB0005', 'fabio.barbieri@abw.com', 'amministrativo' );
INSERT INTO responsabile VALUES ( 'ABWBO2002PF0001', 'paola.fontana@abw.com', 'amministrativo' );
INSERT INTO responsabile VALUES ( 'ABWNA2010AM0002', 'andrea.mariani@abw.com', 'tecnico' );
INSERT INTO responsabile VALUES ( 'ABWBA2001RR0001', 'roberta.riva@abw.com', 'amministrativo' );
INSERT INTO responsabile VALUES ( 'ABWMI2010GF0006', 'giorgio.ferri@abw.com', 'tecnico' );
INSERT INTO responsabile VALUES ( 'ABWRM2000SM0002', 'silvia.martini@abw.com', 'tecnico' );
INSERT INTO responsabile VALUES ( 'ABWVE2001LB0001', 'lorenzo.bianco@abw.com', 'tecnico' );
INSERT INTO responsabile VALUES ( 'ABWPA2012FL0002', 'federica.longo@abw.com', 'tecnico' );
INSERT INTO responsabile VALUES ( 'ABWTO2000NG0001', 'nicola.gatti@abw.com', 'tecnico' );
INSERT INTO responsabile VALUES ( 'ABWFI2015IT0001', 'ilaria.testa@abw.com', 'amministrativo' );
INSERT INTO responsabile VALUES ( 'ABWBO2000DV0001', 'daniele.villa@abw.com', 'amministrativo' );
INSERT INTO responsabile VALUES ( 'ABWNA2016MS0001', 'michela.serra@abw.com', 'tecnico' );


/*  Popolamento tabella revisore */
INSERT INTO revisore VALUES ( 'ABWBO2000DV0001', DATE '2000-07-08' );
INSERT INTO revisore VALUES ( 'ABWRM2003MB0001', DATE '2005-05-04' );
INSERT INTO revisore VALUES ( 'ABWFI2010SE0003', DATE '2022-09-05' );
-- ( alcuni revisori extra per arrivare a 15 per il numero minimo) 
INSERT INTO revisore VALUES ( 'ABWMI2013VG0004', DATE '1999-07-08' );
INSERT INTO revisore VALUES ( 'ABWNA2010AM0002', DATE '2001-05-09' );
INSERT INTO revisore VALUES ( 'ABWNA2012ER0001', DATE '2022-09-11' );
INSERT INTO revisore VALUES ( 'ABWNA2016MS0001', DATE '1999-12-08' );
INSERT INTO revisore VALUES ( 'ABWPA2004SL0001', DATE '2001-10-09' );
INSERT INTO revisore VALUES ( 'ABWPA2012FL0002', DATE '2022-11-11' );
INSERT INTO revisore VALUES ( 'ABWTO2014AF0001', DATE '1999-07-08' );
INSERT INTO revisore VALUES ( 'ABWTO2017MM0001', DATE '2002-05-09' );
INSERT INTO revisore VALUES ( 'ABWVE2010GV0002', DATE '2022-01-11' );
INSERT INTO revisore VALUES ( 'ABWVE2016CM0001', DATE '2022-02-18' );
INSERT INTO revisore VALUES ( 'ABWFI2015IT0001', DATE '2022-03-21' );
INSERT INTO revisore VALUES ( 'ABWRM2000SM0002', DATE '2022-09-15' );


/*  Popolamento tabella specie  */
INSERT INTO specie VALUES ( 'Aquila chrysaetos', 'Aquila reale', 'LC', 'Accipitridae', 'https://cloud.it/versi/aquila.mp3', 'https://cloud.it/img/aquila.jpg' );
INSERT INTO specie VALUES ( 'Passer italiae', 'Passero italiano', 'LC', 'Passeridae', 'https://cloud.it/versi/passero.mp3', 'https://cloud.it/img/passero.jpg' );
INSERT INTO specie VALUES ( 'Aythya nyroca', 'Moretta tabaccata', 'VU', 'Anatidae', 'https://cloud.it/versi/nyroca.mp3', 'https://cloud.it/img/nyroca.jpg' );
INSERT INTO specie VALUES ( 'Corvus corone', 'Cornacchia nera', 'LC', 'Corvidae', 'https://cloud.it/versi/cornacchia.mp3', 'https://cloud.it/img/cornacchia.jpg' );
INSERT INTO specie VALUES ( 'Turdus merula', 'Merlo', 'LC', 'Turdidae', 'https://cloud.it/versi/merlo.mp3', 'https://cloud.it/img/merlo.jpg' );
INSERT INTO specie VALUES ( 'Aquila adalberti', 'Aquila imperiale iberica', 'EN', 'Accipitridae', 'https://cloud.it/versi/adalberti.mp3', 'https://cloud.it/img/adalberti.jpg' );
INSERT INTO specie VALUES ( 'Corvus corax', 'Corvo imperiale', 'LC', 'Corvidae', 'https://cloud.it/versi/corvo.mp3', 'https://cloud.it/img/corvo.jpg' );
INSERT INTO specie VALUES ( 'Lanius collurio', 'Averla piccola', 'LC', 'Laniidae', 'https://cloud.it/versi/averla.mp3', 'https://cloud.it/img/averla.jpg' );
INSERT INTO specie VALUES ( 'Picus viridis', 'Picchio verde', 'LC', 'Picidae', 'https://cloud.it/versi/picchioverde.mp3', 'https://cloud.it/img/picchioverde.jpg' );
INSERT INTO specie VALUES ( 'Motacilla alba', 'Ballerina bianca', 'LC', 'Motacillidae', 'https://cloud.it/versi/ballerinabianca.mp3', 'https://cloud.it/img/ballerinabianca.jpg' );
INSERT INTO specie VALUES ( 'Numenius tenuirostris', 'Chiurlo beccosottile', 'CR', 'Scolopacidae', 'https://cloud.it/versi/numenius.mp3', 'https://cloud.it/img/numenius.jpg' );
INSERT INTO specie VALUES ( 'Cyanistes caeruleus', 'Cinciarella', 'LC', 'Paridae', 'https://cloud.it/versi/cinciarella.mp3', 'https://cloud.it/img/cinciarella.jpg' );
INSERT INTO specie VALUES ( 'Tetrax tetrax', 'Gallina prataiola', 'NT', 'Otididae', 'https://cloud.it/versi/tetrax.mp3', 'https://cloud.it/img/tetrax.jpg' );
INSERT INTO specie VALUES ( 'Erithacus rubecula', 'Pettirosso', 'LC', 'Muscicapidae', 'https://cloud.it/versi/pettirosso.mp3', 'https://cloud.it/img/pettirosso.jpg' );
INSERT INTO specie VALUES ( 'Regulus regulus', 'Fiorrancino', 'LC', 'Regulidae', 'https://cloud.it/versi/fiorrancino.mp3', 'https://cloud.it/img/fiorrancino.jpg' );
INSERT INTO specie VALUES ( 'Pica pica', 'Gazza', 'LC', 'Corvidae', 'https://cloud.it/versi/gazza.mp3', 'https://cloud.it/img/gazza.jpg' );


/*  Popolamento tabella habitat  */
INSERT INTO habitat VALUES ( 'C1.1', 'Laghi prealpini', 'https://cloud.it/habitat/laghi_prealpini' );
INSERT INTO habitat VALUES ( 'C2.2', 'Stagni temporanei mediterranei', 'https://cloud.it/habitat/stagni_mediterranei' );
INSERT INTO habitat VALUES ( 'E1.2', 'Praterie secche continentali', 'https://cloud.it/habitat/praterie_continentali' );
INSERT INTO habitat VALUES ( 'F3.2', 'Boschi di latifoglie planiziali', 'https://cloud.it/habitat/boschi_latifoglie_planiziali' );
INSERT INTO habitat VALUES ( 'G1.1', 'Foreste di conifere alpine', 'https://cloud.it/habitat/foreste_conifere_alpine' );
INSERT INTO habitat VALUES ( 'D5.2', 'Paludi salmastre costiere', 'https://cloud.it/habitat/paludi_salmastre_costiere' );
INSERT INTO habitat VALUES ( 'B1.3', 'Spiagge sabbiose atlantiche', 'https://cloud.it/habitat/spiagge_sabbiose_atlantiche' );
INSERT INTO habitat VALUES ( 'A2.5', 'Scogliere marine mediterranee', 'https://cloud.it/habitat/scogliere_mediterranee' );
INSERT INTO habitat VALUES ( 'C3.4', 'Fiumi alpini', 'https://cloud.it/habitat/fiumi_alpini' );
INSERT INTO habitat VALUES ( 'E4.1', 'Steppe iberiche', 'https://cloud.it/habitat/steppe_iberiche' );
INSERT INTO habitat VALUES ( 'F2.2', 'Boschi misti subatlantici', 'https://cloud.it/habitat/boschi_misti_subatlantici' );
INSERT INTO habitat VALUES ( 'G2.1', 'Foreste di latifoglie boreali', 'https://cloud.it/habitat/foreste_latifoglie_boreali' );
INSERT INTO habitat VALUES ( 'D1.1', 'Torbiere di pianura', 'https://cloud.it/habitat/torbiere_pianura' );
INSERT INTO habitat VALUES ( 'C6.3', 'Zone umide artificiali', 'https://cloud.it/habitat/zone_umide_artificiali' );
INSERT INTO habitat VALUES ( 'B2.4', 'Dune costiere', 'https://cloud.it/habitat/dune_costiere' );


/*  Popolamento tabella localita_avvistamento  */
INSERT INTO localita_avvistamento VALUES ( '8FVC9G8F+5V', 'Parco Nazionale del Gran Paradiso', 1, 'https://cloud.it/maps/gran_paradiso', 'Piemonte', 'Italia' );
INSERT INTO localita_avvistamento VALUES ( '8FVC9G7F+2W', 'Lago di Garda', 0, 'https://cloud.it/maps/lago_garda', 'Lombardia', 'Italia' );
INSERT INTO localita_avvistamento VALUES ( '8FVC9G6F+3X', 'Parco Regionale della Maremma', 1, 'https://cloud.it/maps/maremma', 'Toscana', 'Italia' );
INSERT INTO localita_avvistamento VALUES ( '8FVC9G5F+4Y', 'Oasi di Vendicari', 1, 'https://cloud.it/maps/vendicari', 'Sicilia', 'Italia' );
INSERT INTO localita_avvistamento VALUES ( '8FVC9G4F+5Z', 'Parco Nazionale del Circeo', 1, 'https://cloud.it/maps/circeo', 'Lazio', 'Italia' );
INSERT INTO localita_avvistamento VALUES ( '8FVC9G3F+6A', 'Delta del Po', 1, 'https://cloud.it/maps/delta_po', 'Emilia-Romagna', 'Italia' );
INSERT INTO localita_avvistamento VALUES ( '8FVC9G2F+7B', 'Vesuvio', 0, 'https://cloud.it/maps/vesuvio', 'Campania', 'Italia' );
INSERT INTO localita_avvistamento VALUES ( '8FVC9G1F+8C', 'Gargano', 1, 'https://cloud.it/maps/gargano', 'Puglia', 'Italia' );
INSERT INTO localita_avvistamento VALUES ( '8FWC9G8F+9D', 'Parc national de la Vanoise', 1, 'https://cloud.it/maps/vanoise', 'Alvernia-Rodano-Alpi', 'Francia' );
INSERT INTO localita_avvistamento VALUES ( '8FWC9G7F+0E', 'Réserve naturelle de Camargue', 1, 'https://cloud.it/maps/camargue', 'Borgogna-Franca Contea', 'Francia' );
INSERT INTO localita_avvistamento VALUES ( '8FWC9G6F+1F', 'Lac Léman', 0, 'https://cloud.it/maps/lac_leman', 'Alvernia-Rodano-Alpi', 'Francia' );
INSERT INTO localita_avvistamento VALUES ( '8FWC9G5F+2G', 'Bayerischer Wald', 1, 'https://cloud.it/maps/bayerischer_wald', 'Baviera', 'Germania' );
INSERT INTO localita_avvistamento VALUES ( '8FWC9G4F+3H', 'Donauauen', 0, 'https://cloud.it/maps/donauauen', 'Baviera', 'Germania' );
INSERT INTO localita_avvistamento VALUES ( '8FWC9G3F+4I', 'Doñana', 1, 'https://cloud.it/maps/donana', 'Andalusia', 'Spagna' );
INSERT INTO localita_avvistamento VALUES ( '8FWC9G2F+5J', 'Parque Natural de las Marismas', 1, 'https://cloud.it/maps/marismas', 'Andalusia', 'Spagna' );
INSERT INTO localita_avvistamento VALUES ( '8FWC9G1F+6K', 'Noordhollands Duinreservaat', 1, 'https://cloud.it/maps/noordholland_dune', 'Noord-Holland', 'Paesi Bassi' );
INSERT INTO localita_avvistamento VALUES ( '8GWC9G8F+7L', 'Stockholm Skärgård', 0, 'https://cloud.it/maps/stockholm_skargard', 'Stockholm', 'Svezia' );
INSERT INTO localita_avvistamento VALUES ( '8GWC9G7F+8M', 'Parque Natural da Arrábida', 1, 'https://cloud.it/maps/arrabida', 'Lisboa', 'Portogallo' );
INSERT INTO localita_avvistamento VALUES ( '8GWC9G6F+9N', 'Parque Natural do Tejo', 1, 'https://cloud.it/maps/tejo', 'Lisboa', 'Portogallo' );
INSERT INTO localita_avvistamento VALUES ( '8GWC9G5F+0O', 'Zuid-Kennemerland', 1, 'https://cloud.it/maps/zuid_kennemerland', 'Noord-Holland', 'Paesi Bassi' );


/*  Popolamento tabella pattern_migratorio  */
INSERT INTO pattern_migratorio VALUES ( 'Aquila chrysaetos', 'C1.1', 'nidificazione', 4, 7 );
INSERT INTO pattern_migratorio VALUES ( 'Passer italiae', 'C2.2', 'stanziale', 1, 12 );
INSERT INTO pattern_migratorio VALUES ( 'Aythya nyroca', 'E1.2', 'svernamento', 11, 2 );
INSERT INTO pattern_migratorio VALUES ( 'Corvus corone', 'F3.2', 'migrazione', 3, 5 );
INSERT INTO pattern_migratorio VALUES ( 'Turdus merula', 'G1.1', 'stanziale', 1, 12 );
INSERT INTO pattern_migratorio VALUES ( 'Aquila adalberti', 'D5.2', 'nidificazione', 5, 8 );
INSERT INTO pattern_migratorio VALUES ( 'Corvus corax', 'B1.3', 'svernamento', 10, 2 );
INSERT INTO pattern_migratorio VALUES ( 'Lanius collurio', 'A2.5', 'migrazione', 4, 9 );
INSERT INTO pattern_migratorio VALUES ( 'Picus viridis', 'C3.4', 'stanziale', 1, 12 );
INSERT INTO pattern_migratorio VALUES ( 'Numenius tenuirostris', 'F2.2', 'svernamento', 11, 2 );
INSERT INTO pattern_migratorio VALUES ( 'Cyanistes caeruleus', 'G2.1', 'stanziale', 1, 12 );
INSERT INTO pattern_migratorio VALUES ( 'Tetrax tetrax', 'D1.1', 'migrazione', 3, 6 );
INSERT INTO pattern_migratorio VALUES ( 'Erithacus rubecula', 'C6.3', 'svernamento', 10, 3 );
INSERT INTO pattern_migratorio VALUES ( 'Regulus regulus', 'B2.4', 'nidificazione', 6, 8 );
INSERT INTO pattern_migratorio VALUES ( 'Pica pica', 'C1.1', 'stanziale', 1, 12 );
INSERT INTO pattern_migratorio VALUES ( 'Aquila chrysaetos', 'F3.2', 'svernamento', 11, 2 );
INSERT INTO pattern_migratorio VALUES ( 'Aythya nyroca', 'D5.2', 'migrazione', 8, 10 );
INSERT INTO pattern_migratorio VALUES ( 'Corvus corone', 'C2.2', 'nidificazione', 5, 8 );
INSERT INTO pattern_migratorio VALUES ( 'Aquila adalberti', 'B1.3', 'migrazione', 3, 5 );
INSERT INTO pattern_migratorio VALUES ( 'Corvus corax', 'A2.5', 'nidificazione', 6, 8 );
INSERT INTO pattern_migratorio VALUES ( 'Lanius collurio', 'C3.4', 'svernamento', 11, 2 );
INSERT INTO pattern_migratorio VALUES ( 'Motacilla alba', 'F2.2', 'stanziale', 1, 12 );
INSERT INTO pattern_migratorio VALUES ( 'Numenius tenuirostris', 'G2.1', 'nidificazione', 5, 7 );
INSERT INTO pattern_migratorio VALUES ( 'Tetrax tetrax', 'C6.3', 'nidificazione', 4, 7 );
INSERT INTO pattern_migratorio VALUES ( 'Erithacus rubecula', 'B2.4', 'migrazione', 8, 10 );
INSERT INTO pattern_migratorio VALUES ( 'Regulus regulus', 'C2.2', 'svernamento', 11, 2 );


/*  Popolamento tabella associazione_localita_habitat  */
INSERT INTO associazione_localita_habitat VALUES ( '8FVC9G8F+5V', 'C1.1' );
INSERT INTO associazione_localita_habitat VALUES ( '8FVC9G7F+2W', 'C2.2' );
INSERT INTO associazione_localita_habitat VALUES ( '8FVC9G6F+3X', 'E1.2' );
INSERT INTO associazione_localita_habitat VALUES ( '8FVC9G5F+4Y', 'F3.2' );
INSERT INTO associazione_localita_habitat VALUES ( '8FVC9G4F+5Z', 'G1.1' );
INSERT INTO associazione_localita_habitat VALUES ( '8FVC9G3F+6A', 'D5.2' );
INSERT INTO associazione_localita_habitat VALUES ( '8FVC9G2F+7B', 'B1.3' );
INSERT INTO associazione_localita_habitat VALUES ( '8FVC9G1F+8C', 'A2.5' );
INSERT INTO associazione_localita_habitat VALUES ( '8FWC9G8F+9D', 'C3.4' );
INSERT INTO associazione_localita_habitat VALUES ( '8FWC9G7F+0E', 'E4.1' );
INSERT INTO associazione_localita_habitat VALUES ( '8FWC9G6F+1F', 'F2.2' );
INSERT INTO associazione_localita_habitat VALUES ( '8FWC9G5F+2G', 'G2.1' );
INSERT INTO associazione_localita_habitat VALUES ( '8FWC9G4F+3H', 'D1.1' );
INSERT INTO associazione_localita_habitat VALUES ( '8FWC9G3F+4I', 'C6.3' );
INSERT INTO associazione_localita_habitat VALUES ( '8FWC9G2F+5J', 'B2.4' );
INSERT INTO associazione_localita_habitat VALUES ( '8FWC9G1F+6K', 'C1.1' );
INSERT INTO associazione_localita_habitat VALUES ( '8GWC9G8F+7L', 'C2.2' );
INSERT INTO associazione_localita_habitat VALUES ( '8GWC9G7F+8M', 'E1.2' );
INSERT INTO associazione_localita_habitat VALUES ( '8GWC9G7F+8M', 'F2.2' );
INSERT INTO associazione_localita_habitat VALUES ( '8GWC9G6F+9N', 'F3.2' );
INSERT INTO associazione_localita_habitat VALUES ( '8GWC9G6F+9N', 'G1.1' );
INSERT INTO associazione_localita_habitat VALUES ( '8GWC9G5F+0O', 'G1.1' );


/*  Popolamento tabella avvistamento */
INSERT INTO avvistamento VALUES ( 1, TO_DATE('2023-07-01 10', 'YYYY-MM-DD HH24'), 'confermato', TO_DATE('2023-07-10', 'YYYY-MM-DD'), 'ABWMI2010LR0001', 'ABWFI2010SE0003', '8FVC9G8F+5V', 'sole', 18.5, 60.0 );
INSERT INTO avvistamento VALUES ( 1, TO_DATE('2020-10-05 10', 'YYYY-MM-DD HH24'), 'possibile', TO_DATE('2020-10-15', 'YYYY-MM-DD'), 'ABWRM2003MB0001', 'ABWRM2003MB0001', '8FVC9G7F+2W', 'nuvoloso', 17.0, 70.0 );
INSERT INTO avvistamento VALUES ( 1, TO_DATE('2020-01-13 11', 'YYYY-MM-DD HH24'), 'possibile', TO_DATE('2020-02-03', 'YYYY-MM-DD'), 'ABWTO2000NG0001', 'ABWFI2010SE0003', '8FVC9G6F+3X', 'pioggia', 15.0, 80.0 );
INSERT INTO avvistamento VALUES ( 1, TO_DATE('2020-11-04 15', 'YYYY-MM-DD HH24'), 'confermato', TO_DATE('2020-11-27', 'YYYY-MM-DD'), 'ABWPA2007FR0001', 'ABWBO2000DV0001', '8FVC9G5F+4Y', 'sole', 20.0, 55.0 );
INSERT INTO avvistamento VALUES ( 1, TO_DATE('2020-06-06 14', 'YYYY-MM-DD HH24'), 'confermato', TO_DATE('2020-06-21', 'YYYY-MM-DD'), 'ABWVE2001LB0001', 'ABWFI2010SE0003', '8FVC9G4F+5Z', 'sole', 27.0, 50.0 );
INSERT INTO avvistamento VALUES ( 1, TO_DATE('2021-02-22 10', 'YYYY-MM-DD HH24'), 'possibile', TO_DATE('2021-04-08', 'YYYY-MM-DD'), 'ABWFI2010SE0003', 'ABWRM2003MB0001', '8FVC9G3F+6A', 'nuvoloso', 16.5, 65.0 );
INSERT INTO avvistamento VALUES ( 1, TO_DATE('2021-04-18 12', 'YYYY-MM-DD HH24'), 'confermato', TO_DATE('2021-04-29', 'YYYY-MM-DD'), 'ABWBO2005DC0001', 'ABWBO2000DV0001', '8FVC9G2F+7B', 'sole', 22.0, 48.0 );
INSERT INTO avvistamento VALUES ( 1, TO_DATE('2021-05-09 11', 'YYYY-MM-DD HH24'), 'confermato', TO_DATE('2021-09-01', 'YYYY-MM-DD'), 'ABWFI2015IT0001', 'ABWFI2010SE0003', '8FVC9G1F+8C', 'sole', 25.0, 52.0 );
INSERT INTO avvistamento VALUES ( 1, TO_DATE('2021-06-12 13', 'YYYY-MM-DD HH24'), 'possibile', TO_DATE('2021-06-20', 'YYYY-MM-DD'), 'ABWBA2008SG0001', 'ABWRM2003MB0001', '8FWC9G8F+9D', 'sole', 29.0, 44.0 );
INSERT INTO avvistamento VALUES ( 1, TO_DATE('2021-07-03 10', 'YYYY-MM-DD HH24'), 'confermato', TO_DATE('2021-07-10', 'YYYY-MM-DD'), 'ABWBO2000DV0001', 'ABWBO2000DV0001', '8FWC9G7F+0E', 'sole', 32.0, 40.0 );
INSERT INTO avvistamento VALUES ( 1, TO_DATE('2021-07-11 12', 'YYYY-MM-DD HH24'), 'confermato', TO_DATE('2021-07-21', 'YYYY-MM-DD'), 'ABWRM2000MC0001', 'ABWFI2010SE0003', '8FWC9G6F+1F', NULL, NULL, NULL );
INSERT INTO avvistamento VALUES ( 2, TO_DATE('2022-08-12 09', 'YYYY-MM-DD HH24'), 'non confermato', TO_DATE('2022-10-20', 'YYYY-MM-DD HH24'), 'ABWBO2000DV0001', 'ABWFI2010SE0003', '8FWC9G5F+2G', NULL, NULL, NULL );
INSERT INTO avvistamento VALUES ( 3, TO_DATE('2022-03-23 08', 'YYYY-MM-DD HH24'), NULL, NULL, 'ABWBO2000DV0001', NULL, '8FWC9G4F+3H', NULL, NULL, NULL );
INSERT INTO avvistamento VALUES ( 2, TO_DATE('2022-08-14 10', 'YYYY-MM-DD HH24'), NULL, NULL, 'ABWFI2015IT0001', NULL, '8FWC9G3F+4I', NULL, NULL, NULL );
INSERT INTO avvistamento VALUES ( 1, TO_DATE('2022-07-25 08', 'YYYY-MM-DD HH24'), NULL, NULL, 'ABWFI2010FB0005', NULL, '8FWC9G2F+5J', NULL, NULL, NULL );
INSERT INTO avvistamento VALUES ( 1, TO_DATE('2023-07-16 09', 'YYYY-MM-DD HH24'), 'confermato', TO_DATE('2021-07-21', 'YYYY-MM-DD'), 'ABWBO2002PF0001', 'ABWBO2000DV0001', '8FWC9G1F+6K', 'sole', 23.0, 57.0  );
INSERT INTO avvistamento VALUES ( 3, TO_DATE('2023-07-17 11', 'YYYY-MM-DD HH24'), NULL, NULL, 'ABWFI2015IT0001', NULL, '8GWC9G8F+7L', NULL, NULL, NULL );
INSERT INTO avvistamento VALUES ( 1, TO_DATE('2023-07-18 10', 'YYYY-MM-DD HH24'), 'confermato', TO_DATE('2021-07-21', 'YYYY-MM-DD'), 'ABWBA2001RR0001', 'ABWBO2000DV0001', '8GWC9G7F+8M', 'sole', 25.0, 55.0 );
INSERT INTO avvistamento VALUES ( 1, TO_DATE('2023-07-19 10', 'YYYY-MM-DD HH24'), 'confermato', TO_DATE('2021-07-21', 'YYYY-MM-DD'), 'ABWMI2010GF0006', 'ABWBO2000DV0001', '8GWC9G6F+9N', 'sole', 31.0, 50.0 );
INSERT INTO avvistamento VALUES ( 1, TO_DATE('2023-07-20 07', 'YYYY-MM-DD HH24'), 'confermato', TO_DATE('2021-07-21', 'YYYY-MM-DD'), 'ABWRM2000SM0002', 'ABWBO2000DV0001', '8GWC9G5F+0O', 'nuvoloso', 16.5, 65.0 );


/*  Popolamento tabella esemplare  */
INSERT INTO esemplare VALUES ( 'ABWMI2010LR0001', 1, 'adulto', 'sano', 'maschio', 'Aquila chrysaetos', 1 );
INSERT INTO esemplare VALUES ( 'ABWRM2003MB0001', 1, 'pulcino', 'sano', 'femmina', 'Passer italiae', 1 );
INSERT INTO esemplare VALUES ( 'ABWRM2003MB0001', 2, 'adulto', 'sano', 'femmina', 'Passer italiae', 1 );
INSERT INTO esemplare VALUES ( 'ABWTO2000NG0001', 1, 'adulto', 'sano', 'sconosciuto', 'Aythya nyroca', 1 );
INSERT INTO esemplare VALUES ( 'ABWPA2007FR0001', 1, 'adulto', 'sano', 'maschio', 'Corvus corone', 1 );
INSERT INTO esemplare VALUES ( 'ABWVE2001LB0001', 1, 'adulto', 'sano', 'femmina', 'Turdus merula', 1 );
INSERT INTO esemplare VALUES ( 'ABWVE2001LB0001', 2, 'pulcino', 'sano', 'sconosciuto', 'Turdus merula', 1 );
INSERT INTO esemplare VALUES ( 'ABWVE2001LB0001', 3, 'pulcino', 'malato', 'sconosciuto', 'Turdus merula', 1 );
INSERT INTO esemplare VALUES ( 'ABWFI2010SE0003', 1, 'adulto', 'sano', 'sconosciuto', 'Aquila adalberti', 1 );
INSERT INTO esemplare VALUES ( 'ABWBO2005DC0001', 1, 'adulto', 'sano', 'maschio', 'Corvus corax', 1 );
INSERT INTO esemplare VALUES ( 'ABWFI2015IT0001', 1, 'adulto', 'sano', 'femmina', 'Lanius collurio', 1 );
INSERT INTO esemplare VALUES ( 'ABWBA2008SG0001', 1, 'adulto', 'sano', 'sconosciuto', 'Picus viridis', 1 );
INSERT INTO esemplare VALUES ( 'ABWBO2000DV0001', 1, 'adulto', 'sano', 'maschio', 'Motacilla alba', 1 );
INSERT INTO esemplare VALUES ( 'ABWRM2000MC0001', 1, 'adulto', 'ferito', 'femmina', 'Numenius tenuirostris', 1 );
INSERT INTO esemplare VALUES ( 'ABWBO2000DV0001', 1, 'adulto', 'sano', 'sconosciuto', 'Cyanistes caeruleus', 2 );
INSERT INTO esemplare VALUES ( 'ABWBO2000DV0001', 1, 'adulto', 'sano', 'maschio', 'Tetrax tetrax', 3 );
INSERT INTO esemplare VALUES ( 'ABWFI2015IT0001', 1, 'adulto', 'sano', 'femmina', 'Erithacus rubecula', 2 );
INSERT INTO esemplare VALUES ( 'ABWFI2010FB0005', 1, 'adulto', 'sano', 'sconosciuto', 'Regulus regulus', 1 );
INSERT INTO esemplare VALUES ( 'ABWBO2002PF0001', 1, 'adulto', 'sano', 'maschio', 'Aquila adalberti', 1 );
INSERT INTO esemplare VALUES ( 'ABWFI2015IT0001', 1, 'adulto', 'ferito', 'femmina', 'Aquila chrysaetos', 3 );
INSERT INTO esemplare VALUES ( 'ABWBA2001RR0001', 1, 'adulto', 'sano', 'sconosciuto', 'Aquila adalberti', 1 );
INSERT INTO esemplare VALUES ( 'ABWMI2010GF0006', 1, 'adulto', 'sano', 'maschio', 'Aquila adalberti', 1 );
INSERT INTO esemplare VALUES ( 'ABWRM2000SM0002', 1, 'adulto', 'ferito', 'femmina', 'Aquila adalberti', 1 );


/*  Popolamento tabella badge  */
INSERT INTO badge VALUES ( 'occhio di Kakapo', 'ABWMI2010LR0001', DATE '2024-01-15', 'https://cloud.it/badge/ABWMI2010LR0001' );
INSERT INTO badge VALUES ( 'occhio di Kakapo', 'ABWPA2007FR0001', DATE '2024-02-20', 'https://cloud.it/badge/ABWPA2007FR0001' );
INSERT INTO badge VALUES ( 'occhio di Kakapo', 'ABWVE2001LB0001', DATE '2024-03-10', 'https://cloud.it/badge/ABWVE2001LB0001' );
INSERT INTO badge VALUES ( 'occhio di Kakapo', 'ABWBO2005DC0001', DATE '2024-04-05', 'https://cloud.it/badge/ABWBO2005DC0001' );
INSERT INTO badge VALUES ( 'occhio di Kakapo', 'ABWFI2015IT0001', DATE '2024-05-18', 'https://cloud.it/badge/ABWFI2015IT0001' );
INSERT INTO badge VALUES ( 'occhio di Kakapo', 'ABWBO2000DV0001', DATE '2024-06-22', 'https://cloud.it/badge/ABWBO2000DV0001' );
INSERT INTO badge VALUES ( 'occhio di Kakapo', 'ABWRM2000MC0001', DATE '2025-05-15', 'https://cloud.it/badge/ABWRM2000MC0001' );
INSERT INTO badge VALUES ( 'custode della natura', 'ABWRM2000MC0001', DATE '2025-05-15', 'https://cloud.it/badge/ABWRM2000MC0001' );
INSERT INTO badge VALUES ( 'occhio di Kakapo', 'ABWBA2001RR0001', DATE '2025-05-15', 'https://cloud.it/badge/ABWRM2000MC0001' );
INSERT INTO badge VALUES ( 'custode della natura', 'ABWBA2001RR0001', DATE '2025-01-15', 'https://cloud.it/badge/ABWRM2000MC0001' );
INSERT INTO badge VALUES ( 'occhio di Kakapo', 'ABWBO2002PF0001', DATE '2025-01-09', 'https://cloud.it/badge/ABWRM2000MC0001' );
INSERT INTO badge VALUES ( 'custode della natura', 'ABWBO2002PF0001', DATE '2025-01-11', 'https://cloud.it/badge/ABWRM2000MC0001' );
INSERT INTO badge VALUES ( 'occhio di Kakapo', 'ABWMI2010GF0006', DATE '2025-06-16', 'https://cloud.it/badge/ABWRM2000MC0001' );
INSERT INTO badge VALUES ( 'custode della natura', 'ABWMI2010GF0006', DATE '2025-01-19', 'https://cloud.it/badge/ABWRM2000MC0001' );
INSERT INTO badge VALUES ( 'occhio di Kakapo', 'ABWRM2000SM0002', DATE '2025-08-19', 'https://cloud.it/badge/ABWRM2000MC0001' );
INSERT INTO badge VALUES ( 'custode della natura', 'ABWRM2000SM0002', DATE '2025-01-21', 'https://cloud.it/badge/ABWRM2000MC0001' );


/*  Popolamento tabella media  */
INSERT INTO media VALUES ( 'ABWMI2010LR0001', 'foto1', 'foto', 'https://cloud.it/media/adasdad.jpg', 'jpg', 1 );
INSERT INTO media VALUES ( 'ABWRM2003MB0001', 'video1', 'video', 'https://cloud.it/media/sxca.wav', 'wav', 1 );
INSERT INTO media VALUES ( 'ABWPA2007FR0001', 'audio1', 'audio', 'https://cloud.it/media/xxas.wav', 'wav', 1 );
INSERT INTO media VALUES ( 'ABWVE2001LB0001', 'foto1', 'foto', 'https://cloud.it/media/xasxw.jpg', 'jpg', 1 );
INSERT INTO media VALUES ( 'ABWFI2010SE0003', 'video1', 'video', 'https://cloud.it/media/xaxmm.mp4', 'mp4', 1 );
INSERT INTO media VALUES ( 'ABWTO2000NG0001', 'foto1', 'foto', 'https://cloud.it/media/jkkjh.jpg', 'jpg', 1 );
INSERT INTO media VALUES ( 'ABWBO2005DC0001', 'foto1', 'foto', 'https://cloud.it/media/povs.jpg', 'jpg', 1 );
INSERT INTO media VALUES ( 'ABWBA2008SG0001', 'foto1', 'foto', 'https://cloud.it/media/jdc.jpg', 'jpg', 1 );
INSERT INTO media VALUES ( 'ABWBO2000DV0001', 'audio1', 'audio', 'https://cloud.it/media/nbd.wav', 'wav', 1 );
INSERT INTO media VALUES ( 'ABWRM2000MC0001', 'foto1', 'foto', 'https://cloud.it/media/ash.jpg', 'jpg', 1 );
INSERT INTO media VALUES ( 'ABWBO2000DV0001', 'audio1', 'audio', 'https://cloud.it/media/mnasj.wav', 'wav', 2 );
INSERT INTO media VALUES ( 'ABWMI2010GF0006', 'foto1', 'foto', 'https://cloud.it/media/nkd.jpg', 'jpg', 1 );
INSERT INTO media VALUES ( 'ABWFI2015IT0001', 'audio1', 'audio', 'https://cloud.it/media/nbcjd.wav', 'wav', 1 );
INSERT INTO media VALUES ( 'ABWBO2000DV0001', 'foto1', 'foto', 'https://cloud.it/media/knc.jpg', 'jpg', 3 );
INSERT INTO media VALUES ( 'ABWFI2010FB0005', 'foto1', 'foto', 'https://cloud.it/media/jbjc.jpg', 'jpg', 1 );
INSERT INTO media VALUES ( 'ABWFI2015IT0001', 'foto1', 'foto', 'https://cloud.it/media/bcd.jpg', 'jpg', 2 );
INSERT INTO media VALUES ( 'ABWBO2002PF0001', 'video1', 'video', 'https://cloud.it/media/nnkx.wav', 'wav', 1 );
INSERT INTO media VALUES ( 'ABWBA2001RR0001', 'audio1', 'audio', 'https://cloud.it/media/lcj.wav', 'wav', 1 );


/*  Popolamento tabella dispositivo_richiamo  */
INSERT INTO dispositivo_richiamo VALUES ( 'ABWMI2010LR0001', 'Echo1', 'BirdCo', 'territoriale', 1 );
INSERT INTO dispositivo_richiamo VALUES ( 'ABWRM2003MB0001', 'SongX', 'FlyTech', 'corteggiamento', 1 );
INSERT INTO dispositivo_richiamo VALUES ( 'ABWTO2000NG0001', 'CallMini', 'Avia', 'sociale', 1 );
INSERT INTO dispositivo_richiamo VALUES ( 'ABWPA2007FR0001', 'Whistle', 'Orni', 'territoriale', 1 );
INSERT INTO dispositivo_richiamo VALUES ( 'ABWVE2001LB0001', 'Chirp', 'Birdy', 'corteggiamento', 1 );
INSERT INTO dispositivo_richiamo VALUES ( 'ABWFI2010SE0003', 'Tweet', 'Sky', 'sociale', 1 );
INSERT INTO dispositivo_richiamo VALUES ( 'ABWBO2005DC0001', 'Echo2', 'BirdCo', 'territoriale', 1 );
INSERT INTO dispositivo_richiamo VALUES ( 'ABWFI2015IT0001', 'CallPro', 'Avia', 'corteggiamento', 1 );
INSERT INTO dispositivo_richiamo VALUES ( 'ABWBA2008SG0001', 'WhistlX', 'Orni', 'territoriale', 1 );
INSERT INTO dispositivo_richiamo VALUES ( 'ABWBO2000DV0001', 'Chirp2', 'Birdy', 'sociale', 1 );
INSERT INTO dispositivo_richiamo VALUES ( 'ABWRM2000MC0001', 'SongY', 'FlyTech', 'corteggiamento', 1 );
INSERT INTO dispositivo_richiamo VALUES ( 'ABWBO2000DV0001', 'EchoMini', 'BirdCo', 'territoriale', 2 );
INSERT INTO dispositivo_richiamo VALUES ( 'ABWBO2000DV0001', 'CallLite', 'Avia', 'sociale', 3 );
INSERT INTO dispositivo_richiamo VALUES ( 'ABWFI2015IT0001', 'WhistlZ', 'Orni', 'corteggiamento', 2 );
INSERT INTO dispositivo_richiamo VALUES ( 'ABWFI2010FB0005', 'Chirp3', 'Birdy', 'territoriale', 1 );
