-- Popolamento tabella regione
INSERT INTO regione VALUES ( 'IT-25',
                             'Lombardia',
                             'Italia' );
INSERT INTO regione VALUES ( 'IT-62',
                             'Lazio',
                             'Italia' );
INSERT INTO regione VALUES ( 'IT-34',
                             'Veneto',
                             'Italia' );
INSERT INTO regione VALUES ( 'IT-82',
                             'Sicilia',
                             'Italia' );
INSERT INTO regione VALUES ( 'IT-52',
                             'Toscana',
                             'Italia' );
INSERT INTO regione VALUES ( 'IT-21',
                             'Piemonte',
                             'Italia' );
INSERT INTO regione VALUES ( 'IT-45',
                             'Emilia-Romagna',
                             'Italia' );
INSERT INTO regione VALUES ( 'IT-72',
                             'Campania',
                             'Italia' );
INSERT INTO regione VALUES ( 'IT-75',
                             'Puglia',
                             'Italia' );
INSERT INTO regione VALUES ( 'FR-ARA',
                             'Alvernia-Rodano-Alpi',
                             'Francia' );
INSERT INTO regione VALUES ( 'DE-BY',
                             'Baviera',
                             'Germania' );
INSERT INTO regione VALUES ( 'ES-AN',
                             'Andalusia',
                             'Spagna' );
INSERT INTO regione VALUES ( 'FR-BFC',
                             'Borgogna-Franca Contea',
                             'Francia' );
INSERT INTO regione VALUES ( 'NL-NH',
                             'Noord-Holland',
                             'Paesi Bassi' );
INSERT INTO regione VALUES ( 'SE-AB',
                             'Stockholm',
                             'Svezia' );
INSERT INTO regione VALUES ( 'PT-11',
                             'Lisboa',
                             'Portogallo' );

-- Popolamento tabella socio
INSERT INTO socio VALUES ( 'ABWMI2010LR0001',
                           'Luca',
                           'Rossi',
                           'luca.rossi@gmail.com',
                           '3491234567',
                           DATE '1977-09-21',
                           DATE '2010-03-15' );
INSERT INTO socio VALUES ( 'ABWRM2003MB0001',
                           'Marco',
                           'Bianchi',
                           'marco.bianchi@libero.it',
                           '3401112233',
                           DATE '1984-02-12',
                           DATE '2003-11-02' );
INSERT INTO socio VALUES ( 'ABWVE2010GV0002',
                           'Giulia',
                           'Verdi',
                           'giulia.verdi@yahoo.com',
                           '3351234890',
                           DATE '1992-11-03',
                           DATE '2010-01-28' );
INSERT INTO socio VALUES ( 'ABWPA2007FR0001',
                           'Francesca',
                           'Russo',
                           'francesca.russo@outlook.com',
                           '3381112244',
                           DATE '1988-04-28',
                           DATE '2007-07-19' );
INSERT INTO socio VALUES ( 'ABWTO2014AF0001',
                           'Alessandro',
                           'Ferrari',
                           'alessandro.ferrari@tim.it',
                           '3321234567',
                           DATE '1995-07-15',
                           DATE '2014-12-03' );
INSERT INTO socio VALUES ( 'ABWFI2010SE0003',
                           'Sara',
                           'Esposito',
                           'sara.esposito@fastwebnet.it',
                           '3491112255',
                           DATE '1991-01-06',
                           DATE '2010-05-11' );
INSERT INTO socio VALUES ( 'ABWBO2005DC0001',
                           'Davide',
                           'Colombo',
                           'davide.colombo@alice.it',
                           '3421234890',
                           DATE '1981-12-17',
                           DATE '2005-09-22' );
INSERT INTO socio VALUES ( 'ABWNA2012ER0001',
                           'Elena',
                           'Ricci',
                           'elena.ricci@icloud.com',
                           '3381234567',
                           DATE '1993-03-08',
                           DATE '2012-02-14' );
INSERT INTO socio VALUES ( 'ABWBA2008SG0001',
                           'Simone',
                           'Gallo',
                           'simone.gallo@virgilio.it',
                           '3351112233',
                           DATE '1989-08-29',
                           DATE '2008-08-27' );
INSERT INTO socio VALUES ( 'ABWMI2013VG0004',
                           'Valentina',
                           'Greco',
                           'valentina.greco@hotmail.com',
                           '3491234890',
                           DATE '1994-05-10',
                           DATE '2013-04-09' );
INSERT INTO socio VALUES ( 'ABWRM2000MC0001',
                           'Matteo',
                           'Conti',
                           'matteo.conti@gmail.com',
                           '3401234567',
                           DATE '1978-10-11',
                           DATE '2000-10-30' );
INSERT INTO socio VALUES ( 'ABWVE2016CM0001',
                           'Chiara',
                           'Mancini',
                           'chiara.mancini@libero.it',
                           '3321112244',
                           DATE '1997-06-22',
                           DATE '2016-06-18' );
INSERT INTO socio VALUES ( 'ABWPA2004SL0001',
                           'Stefano',
                           'Lombardi',
                           'stefano.lombardi@yahoo.com',
                           '3381234890',
                           DATE '1986-03-13',
                           DATE '2004-03-07' );
INSERT INTO socio VALUES ( 'ABWTO2017MM0001',
                           'Martina',
                           'Moretti',
                           'martina.moretti@outlook.com',
                           '3491112233',
                           DATE '1998-12-04',
                           DATE '2017-11-25' );
INSERT INTO socio VALUES ( 'ABWFI2010FB0005',
                           'Fabio',
                           'Barbieri',
                           'fabio.barbieri@tim.it',
                           '3401234890',
                           DATE '1992-02-25',
                           DATE '2010-08-02' );
INSERT INTO socio VALUES ( 'ABWBO2002PF0001',
                           'Paola',
                           'Fontana',
                           'paola.fontana@fastwebnet.it',
                           '3321234890',
                           DATE '1984-11-16',
                           DATE '2002-04-16' );
INSERT INTO socio VALUES ( 'ABWNA2010AM0002',
                           'Andrea',
                           'Mariani',
                           'andrea.mariani@alice.it',
                           '3491112244',
                           DATE '1978-06-27',
                           DATE '2010-12-21' );
INSERT INTO socio VALUES ( 'ABWBA2001RR0001',
                           'Roberta',
                           'Riva',
                           'roberta.riva@icloud.com',
                           '3381112233',
                           DATE '1983-05-03',
                           DATE '2001-05-13' );
INSERT INTO socio VALUES ( 'ABWMI2010GF0006',
                           'Giorgio',
                           'Ferri',
                           'giorgio.ferri@virgilio.it',
                           '3351234567',
                           DATE '1971-09-19',
                           DATE '2010-10-17' );
INSERT INTO socio VALUES ( 'ABWRM2000SM0002',
                           'Silvia',
                           'Martini',
                           'silvia.martini@hotmail.com',
                           '3401112244',
                           DATE '1981-04-20',
                           DATE '2000-02-05' );
INSERT INTO socio VALUES ( 'ABWVE2001LB0001',
                           'Lorenzo',
                           'Bianco',
                           'lorenzo.bianco@gmail.com',
                           '3491234123',
                           DATE '1983-07-01',
                           DATE '2001-09-29' );
INSERT INTO socio VALUES ( 'ABWPA2012FL0002',
                           'Federica',
                           'Longo',
                           'federica.longo@libero.it',
                           '3321112233',
                           DATE '1969-10-22',
                           DATE '2012-07-04' );
INSERT INTO socio VALUES ( 'ABWTO2000NG0001',
                           'Nicola',
                           'Gatti',
                           'nicola.gatti@yahoo.com',
                           '3381234123',
                           DATE '1968-02-15',
                           DATE '2000-11-12' );
INSERT INTO socio VALUES ( 'ABWFI2015IT0001',
                           'Ilaria',
                           'Testa',
                           'ilaria.testa@outlook.com',
                           '3491234244',
                           DATE '1995-08-14',
                           DATE '2015-03-23' );
INSERT INTO socio VALUES ( 'ABWBO2000DV0001',
                           'Daniele',
                           'Villa',
                           'daniele.villa@tim.it',
                           '3401234244',
                           DATE '1976-01-25',
                           DATE '2000-07-08' );
INSERT INTO socio VALUES ( 'ABWNA2016MS0001',
                           'Michela',
                           'Serra',
                           'michela.serra@fastwebnet.it',
                           '3321234244',
                           DATE '1983-05-26',
                           DATE '2016-01-29' );

-- Popolamento tabella osservatore
INSERT INTO osservatore VALUES ( 'ABWMI2010LR0001' );
INSERT INTO osservatore VALUES ( 'ABWPA2007FR0001' );
INSERT INTO osservatore VALUES ( 'ABWBO2005DC0001' );
INSERT INTO osservatore VALUES ( 'ABWBA2008SG0001' );
INSERT INTO osservatore VALUES ( 'ABWRM2000MC0001' );
INSERT INTO osservatore VALUES ( 'ABWFI2010FB0005' );
INSERT INTO osservatore VALUES ( 'ABWBO2002PF0001' );
INSERT INTO osservatore VALUES ( 'ABWBA2001RR0001' );
INSERT INTO osservatore VALUES ( 'ABWMI2010GF0006' );
INSERT INTO osservatore VALUES ( 'ABWRM2000SM0002' );
INSERT INTO osservatore VALUES ( 'ABWVE2001LB0001' );
INSERT INTO osservatore VALUES ( 'ABWTO2000NG0001' );
INSERT INTO osservatore VALUES ( 'ABWFI2015IT0001' );
INSERT INTO osservatore VALUES ( 'ABWFI2010SE0003' );
INSERT INTO osservatore VALUES ( 'ABWRM2003MB0001' );
INSERT INTO osservatore VALUES ( 'ABWBO2000DV0001' );

-- Popolamento tabella revisore (solo 3 perché non avrebbe nessun senso aggiungere 15 revisori)
INSERT INTO revisore VALUES ( 'ABWBO2000DV0001',
                              DATE '2000-07-08' );
INSERT INTO revisore VALUES ( 'ABWRM2003MB0001',
                              DATE '2005-05-04' );
INSERT INTO revisore VALUES ( 'ABWFI2010SE0003',
                              DATE '2022-09-05' );

-- Popolamento tabella specie
INSERT INTO specie VALUES ( 'Aquila chrysaetos',
                            'Aquila reale',
                            'LC',
                            'Accipitridae',
                            'https://cloud.it/versi/aquila.mp3',
                            'https://cloud.it/img/aquila.jpg' );
INSERT INTO specie VALUES ( 'Passer italiae',
                            'Passero italiano',
                            'LC',
                            'Passeridae',
                            'https://cloud.it/versi/passero.mp3',
                            'https://cloud.it/img/passero.jpg' );
INSERT INTO specie VALUES ( 'Aythya nyroca',
                            'Moretta tabaccata',
                            'VU',
                            'Anatidae',
                            'https://cloud.it/versi/nyroca.mp3',
                            'https://cloud.it/img/nyroca.jpg' );
INSERT INTO specie VALUES ( 'Corvus corone',
                            'Cornacchia nera',
                            'LC',
                            'Corvidae',
                            'https://cloud.it/versi/cornacchia.mp3',
                            'https://cloud.it/img/cornacchia.jpg' );
INSERT INTO specie VALUES ( 'Turdus merula',
                            'Merlo',
                            'LC',
                            'Turdidae',
                            'https://cloud.it/versi/merlo.mp3',
                            'https://cloud.it/img/merlo.jpg' );
INSERT INTO specie VALUES ( 'Aquila adalberti',
                            'Aquila imperiale iberica',
                            'EN',
                            'Accipitridae',
                            'https://cloud.it/versi/adalberti.mp3',
                            'https://cloud.it/img/adalberti.jpg' );
INSERT INTO specie VALUES ( 'Corvus corax',
                            'Corvo imperiale',
                            'LC',
                            'Corvidae',
                            'https://cloud.it/versi/corvo.mp3',
                            'https://cloud.it/img/corvo.jpg' );
INSERT INTO specie VALUES ( 'Lanius collurio',
                            'Averla piccola',
                            'LC',
                            'Laniidae',
                            'https://cloud.it/versi/averla.mp3',
                            'https://cloud.it/img/averla.jpg' );
INSERT INTO specie VALUES ( 'Picus viridis',
                            'Picchio verde',
                            'LC',
                            'Picidae',
                            'https://cloud.it/versi/picchioverde.mp3',
                            'https://cloud.it/img/picchioverde.jpg' );
INSERT INTO specie VALUES ( 'Motacilla alba',
                            'Ballerina bianca',
                            'LC',
                            'Motacillidae',
                            'https://cloud.it/versi/ballerinabianca.mp3',
                            'https://cloud.it/img/ballerinabianca.jpg' );
INSERT INTO specie VALUES ( 'Numenius tenuirostris',
                            'Chiurlo beccosottile',
                            'CR',
                            'Scolopacidae',
                            'https://cloud.it/versi/numenius.mp3',
                            'https://cloud.it/img/numenius.jpg' );
INSERT INTO specie VALUES ( 'Cyanistes caeruleus',
                            'Cinciarella',
                            'LC',
                            'Paridae',
                            'https://cloud.it/versi/cinciarella.mp3',
                            'https://cloud.it/img/cinciarella.jpg' );
INSERT INTO specie VALUES ( 'Tetrax tetrax',
                            'Gallina prataiola',
                            'NT',
                            'Otididae',
                            'https://cloud.it/versi/tetrax.mp3',
                            'https://cloud.it/img/tetrax.jpg' );
INSERT INTO specie VALUES ( 'Erithacus rubecula',
                            'Pettirosso',
                            'LC',
                            'Muscicapidae',
                            'https://cloud.it/versi/pettirosso.mp3',
                            'https://cloud.it/img/pettirosso.jpg' );
INSERT INTO specie VALUES ( 'Regulus regulus',
                            'Fiorrancino',
                            'LC',
                            'Regulidae',
                            'https://cloud.it/versi/fiorrancino.mp3',
                            'https://cloud.it/img/fiorrancino.jpg' );
INSERT INTO specie VALUES ( 'Pica pica',
                            'Gazza',
                            'LC',
                            'Corvidae',
                            'https://cloud.it/versi/gazza.mp3',
                            'https://cloud.it/img/gazza.jpg' );


-- Popolamento tabella habitat
INSERT INTO habitat VALUES ( 'C1.1',
                             'Laghi prealpini',
                             'https://cloud.it/habitat/laghi_prealpini' );
INSERT INTO habitat VALUES ( 'C2.2',
                             'Stagni temporanei mediterranei',
                             'https://cloud.it/habitat/stagni_mediterranei' );
INSERT INTO habitat VALUES ( 'E1.2',
                             'Praterie secche continentali',
                             'https://cloud.it/habitat/praterie_continentali' );
INSERT INTO habitat VALUES ( 'F3.2',
                             'Boschi di latifoglie planiziali',
                             'https://cloud.it/habitat/boschi_latifoglie_planiziali' );
INSERT INTO habitat VALUES ( 'G1.1',
                             'Foreste di conifere alpine',
                             'https://cloud.it/habitat/foreste_conifere_alpine' );
INSERT INTO habitat VALUES ( 'D5.2',
                             'Paludi salmastre costiere',
                             'https://cloud.it/habitat/paludi_salmastre_costiere' );
INSERT INTO habitat VALUES ( 'B1.3',
                             'Spiagge sabbiose atlantiche',
                             'https://cloud.it/habitat/spiagge_sabbiose_atlantiche' );
INSERT INTO habitat VALUES ( 'A2.5',
                             'Scogliere marine mediterranee',
                             'https://cloud.it/habitat/scogliere_mediterranee' );
INSERT INTO habitat VALUES ( 'C3.4',
                             'Fiumi alpini',
                             'https://cloud.it/habitat/fiumi_alpini' );
INSERT INTO habitat VALUES ( 'E4.1',
                             'Steppe iberiche',
                             'https://cloud.it/habitat/steppe_iberiche' );
INSERT INTO habitat VALUES ( 'F2.2',
                             'Boschi misti subatlantici',
                             'https://cloud.it/habitat/boschi_misti_subatlantici' );
INSERT INTO habitat VALUES ( 'G2.1',
                             'Foreste di latifoglie boreali',
                             'https://cloud.it/habitat/foreste_latifoglie_boreali' );
INSERT INTO habitat VALUES ( 'D1.1',
                             'Torbiere di pianura',
                             'https://cloud.it/habitat/torbiere_pianura' );
INSERT INTO habitat VALUES ( 'C6.3',
                             'Zone umide artificiali',
                             'https://cloud.it/habitat/zone_umide_artificiali' );
INSERT INTO habitat VALUES ( 'B2.4',
                             'Dune costiere',
                             'https://cloud.it/habitat/dune_costiere' );

-- Popolamento tabella localita_avvistamento
INSERT INTO localita_avvistamento VALUES ( '8FVC9G8F+5V',
                                           'Parco Nazionale del Gran Paradiso',
                                           1,
                                           'https://cloud.it/maps/gran_paradiso',
                                           'IT-21' );
INSERT INTO localita_avvistamento VALUES ( '8FVC9G7F+2W',
                                           'Lago di Garda',
                                           0,
                                           'https://cloud.it/maps/lago_garda',
                                           'IT-25' );
INSERT INTO localita_avvistamento VALUES ( '8FVC9G6F+3X',
                                           'Parco Regionale della Maremma',
                                           1,
                                           'https://cloud.it/maps/maremma',
                                           'IT-52' );
INSERT INTO localita_avvistamento VALUES ( '8FVC9G5F+4Y',
                                           'Oasi di Vendicari',
                                           1,
                                           'https://cloud.it/maps/vendicari',
                                           'IT-82' );
INSERT INTO localita_avvistamento VALUES ( '8FVC9G4F+5Z',
                                           'Parco Nazionale del Circeo',
                                           1,
                                           'https://cloud.it/maps/circeo',
                                           'IT-62' );
INSERT INTO localita_avvistamento VALUES ( '8FVC9G3F+6A',
                                           'Delta del Po',
                                           1,
                                           'https://cloud.it/maps/delta_po',
                                           'IT-45' );
INSERT INTO localita_avvistamento VALUES ( '8FVC9G2F+7B',
                                           'Vesuvio',
                                           0,
                                           'https://cloud.it/maps/vesuvio',
                                           'IT-72' );
INSERT INTO localita_avvistamento VALUES ( '8FVC9G1F+8C',
                                           'Gargano',
                                           1,
                                           'https://cloud.it/maps/gargano',
                                           'IT-75' );
INSERT INTO localita_avvistamento VALUES ( '8FWC9G8F+9D',
                                           'Parc national de la Vanoise',
                                           1,
                                           'https://cloud.it/maps/vanoise',
                                           'FR-ARA' );
INSERT INTO localita_avvistamento VALUES ( '8FWC9G7F+0E',
                                           'Réserve naturelle de Camargue',
                                           1,
                                           'https://cloud.it/maps/camargue',
                                           'FR-BFC' );
INSERT INTO localita_avvistamento VALUES ( '8FWC9G6F+1F',
                                           'Lac Léman',
                                           0,
                                           'https://cloud.it/maps/lac_leman',
                                           'FR-ARA' );
INSERT INTO localita_avvistamento VALUES ( '8FWC9G5F+2G',
                                           'Bayerischer Wald',
                                           1,
                                           'https://cloud.it/maps/bayerischer_wald',
                                           'DE-BY' );
INSERT INTO localita_avvistamento VALUES ( '8FWC9G4F+3H',
                                           'Donauauen',
                                           0,
                                           'https://cloud.it/maps/donauauen',
                                           'DE-BY' );
INSERT INTO localita_avvistamento VALUES ( '8FWC9G3F+4I',
                                           'Doñana',
                                           1,
                                           'https://cloud.it/maps/donana',
                                           'ES-AN' );
INSERT INTO localita_avvistamento VALUES ( '8FWC9G2F+5J',
                                           'Parque Natural de las Marismas',
                                           1,
                                           'https://cloud.it/maps/marismas',
                                           'ES-AN' );
INSERT INTO localita_avvistamento VALUES ( '8FWC9G1F+6K',
                                           'Noordhollands Duinreservaat',
                                           1,
                                           'https://cloud.it/maps/noordholland_dune',
                                           'NL-NH' );
INSERT INTO localita_avvistamento VALUES ( '8GWC9G8F+7L',
                                           'Stockholm Skärgård',
                                           0,
                                           'https://cloud.it/maps/stockholm_skargard',
                                           'SE-AB' );
INSERT INTO localita_avvistamento VALUES ( '8GWC9G7F+8M',
                                           'Parque Natural da Arrábida',
                                           1,
                                           'https://cloud.it/maps/arrabida',
                                           'PT-11' );
INSERT INTO localita_avvistamento VALUES ( '8GWC9G6F+9N',
                                           'Parque Natural do Tejo',
                                           1,
                                           'https://cloud.it/maps/tejo',
                                           'PT-11' );
INSERT INTO localita_avvistamento VALUES ( '8GWC9G5F+0O',
                                           'Zuid-Kennemerland',
                                           1,
                                           'https://cloud.it/maps/zuid_kennemerland',
                                           'NL-NH' );

-- Popolamento tabella pattern_migratori
INSERT INTO pattern_migratori VALUES ( 'Aquila chrysaetos',
                                       'C1.1',
                                       'nidificazione',
                                       4,
                                       7 );
INSERT INTO pattern_migratori VALUES ( 'Passer italiae',
                                       'C2.2',
                                       'stanziale',
                                       1,
                                       12 );
INSERT INTO pattern_migratori VALUES ( 'Aythya nyroca',
                                       'E1.2',
                                       'svernamento',
                                       11,
                                       2 );
INSERT INTO pattern_migratori VALUES ( 'Corvus corone',
                                       'F3.2',
                                       'migrazione',
                                       3,
                                       5 );
INSERT INTO pattern_migratori VALUES ( 'Turdus merula',
                                       'G1.1',
                                       'stanziale',
                                       1,
                                       12 );
INSERT INTO pattern_migratori VALUES ( 'Aquila adalberti',
                                       'D5.2',
                                       'nidificazione',
                                       5,
                                       8 );
INSERT INTO pattern_migratori VALUES ( 'Corvus corax',
                                       'B1.3',
                                       'svernamento',
                                       10,
                                       2 );
INSERT INTO pattern_migratori VALUES ( 'Lanius collurio',
                                       'A2.5',
                                       'migrazione',
                                       4,
                                       9 );
INSERT INTO pattern_migratori VALUES ( 'Picus viridis',
                                       'C3.4',
                                       'stanziale',
                                       1,
                                       12 );
INSERT INTO pattern_migratori VALUES ( 'Motacilla alba',
                                       'E4.1',
                                       'nidificazione',
                                       5,
                                       7 );
INSERT INTO pattern_migratori VALUES ( 'Numenius tenuirostris',
                                       'F2.2',
                                       'svernamento',
                                       11,
                                       2 );
INSERT INTO pattern_migratori VALUES ( 'Cyanistes caeruleus',
                                       'G2.1',
                                       'stanziale',
                                       1,
                                       12 );
INSERT INTO pattern_migratori VALUES ( 'Tetrax tetrax',
                                       'D1.1',
                                       'migrazione',
                                       3,
                                       6 );
INSERT INTO pattern_migratori VALUES ( 'Erithacus rubecula',
                                       'C6.3',
                                       'svernamento',
                                       10,
                                       3 );
INSERT INTO pattern_migratori VALUES ( 'Regulus regulus',
                                       'B2.4',
                                       'nidificazione',
                                       6,
                                       8 );
INSERT INTO pattern_migratori VALUES ( 'Pica pica',
                                       'C1.1',
                                       'stanziale',
                                       1,
                                       12 );
INSERT INTO pattern_migratori VALUES ( 'Aquila chrysaetos',
                                       'F3.2',
                                       'svernamento',
                                       11,
                                       2 );
INSERT INTO pattern_migratori VALUES ( 'Passer italiae',
                                       'G1.1',
                                       'nidificazione',
                                       4,
                                       7 );
INSERT INTO pattern_migratori VALUES ( 'Aythya nyroca',
                                       'D5.2',
                                       'migrazione',
                                       8,
                                       10 );
INSERT INTO pattern_migratori VALUES ( 'Corvus corone',
                                       'C2.2',
                                       'nidificazione',
                                       5,
                                       8 );
INSERT INTO pattern_migratori VALUES ( 'Turdus merula',
                                       'E1.2',
                                       'svernamento',
                                       10,
                                       2 );
INSERT INTO pattern_migratori VALUES ( 'Aquila adalberti',
                                       'B1.3',
                                       'migrazione',
                                       3,
                                       5 );
INSERT INTO pattern_migratori VALUES ( 'Corvus corax',
                                       'A2.5',
                                       'nidificazione',
                                       6,
                                       8 );
INSERT INTO pattern_migratori VALUES ( 'Lanius collurio',
                                       'C3.4',
                                       'svernamento',
                                       11,
                                       2 );
INSERT INTO pattern_migratori VALUES ( 'Picus viridis',
                                       'E4.1',
                                       'migrazione',
                                       9,
                                       11 );
INSERT INTO pattern_migratori VALUES ( 'Motacilla alba',
                                       'F2.2',
                                       'stanziale',
                                       1,
                                       12 );
INSERT INTO pattern_migratori VALUES ( 'Numenius tenuirostris',
                                       'G2.1',
                                       'nidificazione',
                                       5,
                                       7 );
INSERT INTO pattern_migratori VALUES ( 'Cyanistes caeruleus',
                                       'D1.1',
                                       'svernamento',
                                       10,
                                       2 );
INSERT INTO pattern_migratori VALUES ( 'Tetrax tetrax',
                                       'C6.3',
                                       'nidificazione',
                                       4,
                                       7 );
INSERT INTO pattern_migratori VALUES ( 'Erithacus rubecula',
                                       'B2.4',
                                       'migrazione',
                                       8,
                                       10 );
INSERT INTO pattern_migratori VALUES ( 'Regulus regulus',
                                       'C2.2',
                                       'svernamento',
                                       11,
                                       2 );
                                       
-- Popolamento tabella associazione_localita_habitat
INSERT INTO associazione_localita_habitat VALUES ( '8FVC9G8F+5V',
                                                   'C1.1' );
INSERT INTO associazione_localita_habitat VALUES ( '8FVC9G7F+2W',
                                                   'C2.2' );
INSERT INTO associazione_localita_habitat VALUES ( '8FVC9G6F+3X',
                                                   'E1.2' );
INSERT INTO associazione_localita_habitat VALUES ( '8FVC9G5F+4Y',
                                                   'F3.2' );
INSERT INTO associazione_localita_habitat VALUES ( '8FVC9G4F+5Z',
                                                   'G1.1' );
INSERT INTO associazione_localita_habitat VALUES ( '8FVC9G3F+6A',
                                                   'D5.2' );
INSERT INTO associazione_localita_habitat VALUES ( '8FVC9G2F+7B',
                                                   'B1.3' );
INSERT INTO associazione_localita_habitat VALUES ( '8FVC9G1F+8C',
                                                   'A2.5' );
INSERT INTO associazione_localita_habitat VALUES ( '8FWC9G8F+9D',
                                                   'C3.4' );
INSERT INTO associazione_localita_habitat VALUES ( '8FWC9G7F+0E',
                                                   'E4.1' );
INSERT INTO associazione_localita_habitat VALUES ( '8FWC9G6F+1F',
                                                   'F2.2' );
INSERT INTO associazione_localita_habitat VALUES ( '8FWC9G5F+2G',
                                                   'G2.1' );
INSERT INTO associazione_localita_habitat VALUES ( '8FWC9G4F+3H',
                                                   'D1.1' );
INSERT INTO associazione_localita_habitat VALUES ( '8FWC9G3F+4I',
                                                   'C6.3' );
INSERT INTO associazione_localita_habitat VALUES ( '8FWC9G2F+5J',
                                                   'B2.4' );
INSERT INTO associazione_localita_habitat VALUES ( '8FWC9G1F+6K',
                                                   'C1.1' );
INSERT INTO associazione_localita_habitat VALUES ( '8GWC9G8F+7L',
                                                   'C2.2' );
INSERT INTO associazione_localita_habitat VALUES ( '8GWC9G7F+8M',
                                                   'E1.2' );
INSERT INTO associazione_localita_habitat VALUES ( '8GWC9G7F+8M',
                                                   'F2.2' );
INSERT INTO associazione_localita_habitat VALUES ( '8GWC9G6F+9N',
                                                   'F3.2' );
INSERT INTO associazione_localita_habitat VALUES ( '8GWC9G6F+9N',
                                                   'G1.1' );
INSERT INTO associazione_localita_habitat VALUES ( '8GWC9G5F+0O',
                                                   'G1.1' );

-- Popolamento tabella avvistamento
INSERT INTO avvistamento VALUES ( 'ABWMI2010LR0001-20230701-001',
                                  DATE '2023-07-01',
                                  '08:00',
                                  'confermato',
                                  DATE '2023-07-10',
                                  'ABWMI2010LR0001',
                                  'ABWFI2010SE0003',
                                  '8FVC9G8F+5V',
                                  'sole',
                                  18.5,
                                  60.0 );
INSERT INTO avvistamento VALUES ( 'ABWRM2003MB0001-20201005-001',
                                  DATE '2020-10-05',
                                  '09:00',
                                  'possibile',
                                  DATE '2020-10-15',
                                  'ABWRM2003MB0001',
                                  'ABWRM2003MB0001',
                                  '8FVC9G7F+2W',
                                  'nuvoloso',
                                  17.0,
                                  70.0 );
INSERT INTO avvistamento VALUES ( 'ABWTO2000NG0001-20200113-001',
                                  DATE '2020-01-13',
                                  '10:00',
                                  'possibile',
                                  DATE '2020-02-03',
                                  'ABWTO2000NG0001',
                                  'ABWFI2010SE0003',
                                  '8FVC9G6F+3X',
                                  'pioggia',
                                  15.0,
                                  80.0 );
INSERT INTO avvistamento VALUES ( 'ABWPA2007FR0001-20201104-001',
                                  DATE '2020-11-04',
                                  '11:00',
                                  'confermato',
                                  DATE '2020-11-27',
                                  'ABWPA2007FR0001',
                                  'ABWBO2000DV0001',
                                  '8FVC9G5F+4Y',
                                  'sole',
                                  20.0,
                                  55.0 );
INSERT INTO avvistamento VALUES ( 'ABWVE2001LB0001-20200606-001',
                                  DATE '2020-06-06',
                                  '12:00',
                                  'confermato',
                                  DATE '2020-06-21',
                                  'ABWVE2001LB0001',
                                  'ABWFI2010SE0003',
                                  '8FVC9G4F+5Z',
                                  'sole',
                                  27.0,
                                  50.0 );
INSERT INTO avvistamento VALUES ( 'ABWFI2010SE0003-20210222-001',
                                  DATE '2021-02-22',
                                  '13:00',
                                  'possibile',
                                  DATE '2021-04-08',
                                  'ABWFI2010SE0003',
                                  'ABWRM2003MB0001',
                                  '8FVC9G3F+6A',
                                  'nuvoloso',
                                  16.5,
                                  65.0 );
INSERT INTO avvistamento VALUES ( 'ABWBO2005DC0001-20210418-001',
                                  DATE '2021-04-18',
                                  '14:00',
                                  'confermato',
                                  DATE '2021-04-29',
                                  'ABWBO2005DC0001',
                                  'ABWBO2000DV0001',
                                  '8FVC9G2F+7B',
                                  'sole',
                                  22.0,
                                  48.0 );
INSERT INTO avvistamento VALUES ( 'ABWFI2015IT0001-20210509-001',
                                  DATE '2021-05-09',
                                  '15:00',
                                  'confermato',
                                  DATE '2021-09-01',
                                  'ABWFI2015IT0001',
                                  'ABWFI2010SE0003',
                                  '8FVC9G1F+8C',
                                  'sole',
                                  25.0,
                                  52.0 );
INSERT INTO avvistamento VALUES ( 'ABWBA2008SG0001-20210612-001',
                                  DATE '2021-06-12',
                                  '16:00',
                                  'possibile',
                                  DATE '2021-06-20',
                                  'ABWBA2008SG0001',
                                  'ABWRM2003MB0001',
                                  '8FWC9G8F+9D',
                                  'sole',
                                  29.0,
                                  44.0 );
INSERT INTO avvistamento VALUES ( 'ABWBO2000DV0001-20210703-001',
                                  DATE '2021-07-03',
                                  '17:00',
                                  'confermato',
                                  DATE '2021-07-10',
                                  'ABWBO2000DV0001',
                                  'ABWBO2000DV0001',
                                  '8FWC9G7F+0E',
                                  'sole',
                                  32.0,
                                  40.0 );
INSERT INTO avvistamento VALUES ( 'ABWRM2000MC0001-20210711-001',
                                  DATE '2021-07-11',
                                  '12:00',
                                  'non confermato',
                                  DATE '2021-07-21',
                                  'ABWRM2000MC0001',
                                  'ABWFI2010SE0003',
                                  '8FWC9G6F+1F',
                                  NULL,
                                  NULL,
                                  NULL );
INSERT INTO avvistamento VALUES ( 'ABWBO2000DV0001-20220812-001',
                                  DATE '2022-08-12',
                                  '12:00',
                                  'non confermato',
                                  DATE '2022-10-20',
                                  'ABWBO2000DV0001',
                                  'ABWFI2010SE0003',
                                  '8FWC9G5F+2G',
                                  NULL,
                                  NULL,
                                  NULL );
INSERT INTO avvistamento VALUES ( 'ABWBO2000DV0001-20220323-001',
                                  DATE '2022-03-23',
                                  '13:00',
                                  NULL,
                                  NULL,
                                  'ABWBO2000DV0001',
                                  NULL,
                                  '8FWC9G4F+3H',
                                  NULL,
                                  NULL,
                                  NULL );
INSERT INTO avvistamento VALUES ( 'ABWFI2015IT0001-20220814-001',
                                  DATE '2022-08-14',
                                  '13:00',
                                  NULL,
                                  NULL,
                                  'ABWFI2015IT0001',
                                  NULL,
                                  '8FWC9G3F+4I',
                                  NULL,
                                  NULL,
                                  NULL );
INSERT INTO avvistamento VALUES ( 'ABWFI2010FB0005-20220725-001',
                                  DATE '2022-07-25',
                                  '13:00',
                                  NULL,
                                  NULL,
                                  'ABWFI2010FB0005',
                                  NULL,
                                  '8FWC9G2F+5J',
                                  NULL,
                                  NULL,
                                  NULL );
INSERT INTO avvistamento VALUES ( 'ABWBO2002PF0001-20230716-001',
                                  DATE '2023-07-16',
                                  '13:00',
                                  NULL,
                                  NULL,
                                  'ABWBO2002PF0001',
                                  NULL,
                                  '8FWC9G1F+6K',
                                  NULL,
                                  NULL,
                                  NULL );
INSERT INTO avvistamento VALUES ( 'ABWFI2015IT0001-20230717-001',
                                  DATE '2023-07-17',
                                  '14:00',
                                  NULL,
                                  NULL,
                                  'ABWFI2015IT0001',
                                  NULL,
                                  '8GWC9G8F+7L',
                                  NULL,
                                  NULL,
                                  NULL );
INSERT INTO avvistamento VALUES ( 'ABWBA2001RR0001-20230718-001',
                                  DATE '2023-07-18',
                                  '14:00',
                                  NULL,
                                  NULL,
                                  'ABWBA2001RR0001',
                                  NULL,
                                  '8GWC9G7F+8M',
                                  NULL,
                                  NULL,
                                  NULL );
INSERT INTO avvistamento VALUES ( 'ABWMI2010GF0006-20230719-001',
                                  DATE '2023-07-19',
                                  '15:00',
                                  NULL,
                                  NULL,
                                  'ABWMI2010GF0006',
                                  NULL,
                                  '8GWC9G6F+9N',
                                  NULL,
                                  NULL,
                                  NULL );
INSERT INTO avvistamento VALUES ( 'ABWRM2000SM0002-20230720-001',
                                  DATE '2023-07-20',
                                  '16:00',
                                  NULL,
                                  NULL,
                                  'ABWRM2000SM0002',
                                  NULL,
                                  '8GWC9G5F+0O',
                                  NULL,
                                  NULL,
                                  NULL );

-- Popolamento tabella esemplare: uno per ogni avvistamento, prevalenza adulto e sano
INSERT INTO esemplare VALUES ( 'ABWMI2010LR0001-20230701-001',
                               1,
                               'adulto',
                               'sano',
                               'maschio',
                               'Aquila chrysaetos' );
INSERT INTO esemplare VALUES ( 'ABWRM2003MB0001-20201005-001',
                               1,
                               'pulcino',
                               'sano',
                               'femmina',
                               'Passer italiae' );
INSERT INTO esemplare VALUES ( 'ABWRM2003MB0001-20201005-001',
                               2,
                               'adulto',
                               'sano',
                               'femmina',
                               'Passer italiae' );
INSERT INTO esemplare VALUES ( 'ABWTO2000NG0001-20200113-001',
                               1,
                               'adulto',
                               'sano',
                               'sconosciuto',
                               'Aythya nyroca' );
INSERT INTO esemplare VALUES ( 'ABWPA2007FR0001-20201104-001',
                               1,
                               'adulto',
                               'sano',
                               'maschio',
                               'Corvus corone' );
INSERT INTO esemplare VALUES ( 'ABWVE2001LB0001-20200606-001',
                               1,
                               'adulto',
                               'sano',
                               'femmina',
                               'Turdus merula' );
INSERT INTO esemplare VALUES ( 'ABWVE2001LB0001-20200606-001',
                               2,
                               'pulcino',
                               'sano',
                               'sconosciuto',
                               'Turdus merula' );
INSERT INTO esemplare VALUES ( 'ABWVE2001LB0001-20200606-001',
                               3,
                               'pulcino',
                               'malato',
                               'sconosciuto',
                               'Turdus merula' );
INSERT INTO esemplare VALUES ( 'ABWFI2010SE0003-20210222-001',
                               1,
                               'adulto',
                               'sano',
                               'sconosciuto',
                               'Aquila adalberti' );
INSERT INTO esemplare VALUES ( 'ABWBO2005DC0001-20210418-001',
                               1,
                               'adulto',
                               'sano',
                               'maschio',
                               'Corvus corax' );
INSERT INTO esemplare VALUES ( 'ABWFI2015IT0001-20210509-001',
                               1,
                               'adulto',
                               'sano',
                               'femmina',
                               'Lanius collurio' );
INSERT INTO esemplare VALUES ( 'ABWBA2008SG0001-20210612-001',
                               1,
                               'adulto',
                               'sano',
                               'sconosciuto',
                               'Picus viridis' );
INSERT INTO esemplare VALUES ( 'ABWBO2000DV0001-20210703-001',
                               1,
                               'adulto',
                               'sano',
                               'maschio',
                               'Motacilla alba' );
INSERT INTO esemplare VALUES ( 'ABWRM2000MC0001-20210711-001',
                               1,
                               'adulto',
                               'ferito',
                               'femmina',
                               'Numenius tenuirostris' );
INSERT INTO esemplare VALUES ( 'ABWBO2000DV0001-20220812-001',
                               1,
                               'adulto',
                               'sano',
                               'sconosciuto',
                               'Cyanistes caeruleus' );
INSERT INTO esemplare VALUES ( 'ABWBO2000DV0001-20220323-001',
                               1,
                               'adulto',
                               'sano',
                               'maschio',
                               'Tetrax tetrax' );
INSERT INTO esemplare VALUES ( 'ABWFI2015IT0001-20220814-001',
                               1,
                               'adulto',
                               'sano',
                               'femmina',
                               'Erithacus rubecula' );
INSERT INTO esemplare VALUES ( 'ABWFI2010FB0005-20220725-001',
                               1,
                               'adulto',
                               'sano',
                               'sconosciuto',
                               'Regulus regulus' );
INSERT INTO esemplare VALUES ( 'ABWBO2002PF0001-20230716-001',
                               1,
                               'adulto',
                               'sano',
                               'maschio',
                               'Pica pica' );
INSERT INTO esemplare VALUES ( 'ABWFI2015IT0001-20230717-001',
                               1,
                               'adulto',
                               'ferito',
                               'femmina',
                               'Aquila chrysaetos' );
INSERT INTO esemplare VALUES ( 'ABWBA2001RR0001-20230718-001',
                               1,
                               'adulto',
                               'sano',
                               'sconosciuto',
                               'Passer italiae' );
INSERT INTO esemplare VALUES ( 'ABWMI2010GF0006-20230719-001',
                               1,
                               'adulto',
                               'sano',
                               'maschio',
                               'Aythya nyroca' );
INSERT INTO esemplare VALUES ( 'ABWRM2000SM0002-20230720-001',
                               1,
                               'adulto',
                               'ferito',
                               'femmina',
                               'Corvus corone' );