-- Popolamento tabella regione
INSERT INTO regione VALUES ( 'IT-25',
                             'Lombardia',
                             'Italia' );
INSERT INTO regione VALUES ( 'IT-62',
                             'Lazio',
                             'Italia' );
INSERT INTO regione VALUES ( 'IT-34',
                             'Veneto',
                             'Italia' );
INSERT INTO regione VALUES ( 'IT-82',
                             'Sicilia',
                             'Italia' );
INSERT INTO regione VALUES ( 'IT-52',
                             'Toscana',
                             'Italia' );
INSERT INTO regione VALUES ( 'IT-21',
                             'Piemonte',
                             'Italia' );
INSERT INTO regione VALUES ( 'IT-45',
                             'Emilia-Romagna',
                             'Italia' );
INSERT INTO regione VALUES ( 'IT-72',
                             'Campania',
                             'Italia' );
INSERT INTO regione VALUES ( 'IT-75',
                             'Puglia',
                             'Italia' );
INSERT INTO regione VALUES ( 'FR-ARA',
                             'Alvernia-Rodano-Alpi',
                             'Francia' );
INSERT INTO regione VALUES ( 'DE-BY',
                             'Baviera',
                             'Germania' );
INSERT INTO regione VALUES ( 'ES-AN',
                             'Andalusia',
                             'Spagna' );
INSERT INTO regione VALUES ( 'FR-BFC',
                             'Borgogna-Franca Contea',
                             'Francia' );
INSERT INTO regione VALUES ( 'NL-NH',
                             'Noord-Holland',
                             'Paesi Bassi' );
INSERT INTO regione VALUES ( 'SE-AB',
                             'Stockholm',
                             'Svezia' );
INSERT INTO regione VALUES ( 'PT-11',
                             'Lisboa',
                             'Portogallo' );

-- Popolamento tabella socio
INSERT INTO socio VALUES ( 'ABWMI2010LR0001',
                           'Luca',
                           'Rossi',
                           'luca.rossi@gmail.com',
                           '3491234567',
                           DATE '1977-09-21',
                           DATE '2010-03-15' );
INSERT INTO socio VALUES ( 'ABWRM2003MB0001',
                           'Marco',
                           'Bianchi',
                           'marco.bianchi@libero.it',
                           '3401112233',
                           DATE '1984-02-12',
                           DATE '2003-11-02' );
INSERT INTO socio VALUES ( 'ABWVE2010GV0002',
                           'Giulia',
                           'Verdi',
                           'giulia.verdi@yahoo.com',
                           '3351234890',
                           DATE '1992-11-03',
                           DATE '2010-01-28' );
INSERT INTO socio VALUES ( 'ABWPA2007FR0001',
                           'Francesca',
                           'Russo',
                           'francesca.russo@outlook.com',
                           '3381112244',
                           DATE '1988-04-28',
                           DATE '2007-07-19' );
INSERT INTO socio VALUES ( 'ABWTO2014AF0001',
                           'Alessandro',
                           'Ferrari',
                           'alessandro.ferrari@tim.it',
                           '3321234567',
                           DATE '1995-07-15',
                           DATE '2014-12-03' );
INSERT INTO socio VALUES ( 'ABWFI2010SE0003',
                           'Sara',
                           'Esposito',
                           'sara.esposito@fastwebnet.it',
                           '3491112255',
                           DATE '1991-01-06',
                           DATE '2010-05-11' );
INSERT INTO socio VALUES ( 'ABWBO2005DC0001',
                           'Davide',
                           'Colombo',
                           'davide.colombo@alice.it',
                           '3421234890',
                           DATE '1981-12-17',
                           DATE '2005-09-22' );
INSERT INTO socio VALUES ( 'ABWNA2012ER0001',
                           'Elena',
                           'Ricci',
                           'elena.ricci@icloud.com',
                           '3381234567',
                           DATE '1993-03-08',
                           DATE '2012-02-14' );
INSERT INTO socio VALUES ( 'ABWBA2008SG0001',
                           'Simone',
                           'Gallo',
                           'simone.gallo@virgilio.it',
                           '3351112233',
                           DATE '1989-08-29',
                           DATE '2008-08-27' );
INSERT INTO socio VALUES ( 'ABWMI2013VG0004',
                           'Valentina',
                           'Greco',
                           'valentina.greco@hotmail.com',
                           '3491234890',
                           DATE '1994-05-10',
                           DATE '2013-04-09' );
INSERT INTO socio VALUES ( 'ABWRM2000MC0001',
                           'Matteo',
                           'Conti',
                           'matteo.conti@gmail.com',
                           '3401234567',
                           DATE '1978-10-11',
                           DATE '2000-10-30' );
INSERT INTO socio VALUES ( 'ABWVE2016CM0001',
                           'Chiara',
                           'Mancini',
                           'chiara.mancini@libero.it',
                           '3321112244',
                           DATE '1997-06-22',
                           DATE '2016-06-18' );
INSERT INTO socio VALUES ( 'ABWPA2004SL0001',
                           'Stefano',
                           'Lombardi',
                           'stefano.lombardi@yahoo.com',
                           '3381234890',
                           DATE '1986-03-13',
                           DATE '2004-03-07' );
INSERT INTO socio VALUES ( 'ABWTO2017MM0001',
                           'Martina',
                           'Moretti',
                           'martina.moretti@outlook.com',
                           '3491112233',
                           DATE '1998-12-04',
                           DATE '2017-11-25' );
INSERT INTO socio VALUES ( 'ABWFI2010FB0005',
                           'Fabio',
                           'Barbieri',
                           'fabio.barbieri@tim.it',
                           '3401234890',
                           DATE '1992-02-25',
                           DATE '2010-08-02' );
INSERT INTO socio VALUES ( 'ABWBO2002PF0001',
                           'Paola',
                           'Fontana',
                           'paola.fontana@fastwebnet.it',
                           '3321234890',
                           DATE '1984-11-16',
                           DATE '2002-04-16' );
INSERT INTO socio VALUES ( 'ABWNA2010AM0002',
                           'Andrea',
                           'Mariani',
                           'andrea.mariani@alice.it',
                           '3491112244',
                           DATE '1978-06-27',
                           DATE '2010-12-21' );
INSERT INTO socio VALUES ( 'ABWBA2001RR0001',
                           'Roberta',
                           'Riva',
                           'roberta.riva@icloud.com',
                           '3381112233',
                           DATE '1983-05-03',
                           DATE '2001-05-13' );
INSERT INTO socio VALUES ( 'ABWMI2010GF0006',
                           'Giorgio',
                           'Ferri',
                           'giorgio.ferri@virgilio.it',
                           '3351234567',
                           DATE '1971-09-19',
                           DATE '2010-10-17' );
INSERT INTO socio VALUES ( 'ABWRM2000SM0002',
                           'Silvia',
                           'Martini',
                           'silvia.martini@hotmail.com',
                           '3401112244',
                           DATE '1981-04-20',
                           DATE '2000-02-05' );
INSERT INTO socio VALUES ( 'ABWVE2001LB0001',
                           'Lorenzo',
                           'Bianco',
                           'lorenzo.bianco@gmail.com',
                           '3491234123',
                           DATE '1983-07-01',
                           DATE '2001-09-29' );
INSERT INTO socio VALUES ( 'ABWPA2012FL0002',
                           'Federica',
                           'Longo',
                           'federica.longo@libero.it',
                           '3321112233',
                           DATE '1969-10-22',
                           DATE '2012-07-04' );
INSERT INTO socio VALUES ( 'ABWTO2000NG0001',
                           'Nicola',
                           'Gatti',
                           'nicola.gatti@yahoo.com',
                           '3381234123',
                           DATE '1968-02-15',
                           DATE '2000-11-12' );
INSERT INTO socio VALUES ( 'ABWFI2015IT0001',
                           'Ilaria',
                           'Testa',
                           'ilaria.testa@outlook.com',
                           '3491234244',
                           DATE '1995-08-14',
                           DATE '2015-03-23' );
INSERT INTO socio VALUES ( 'ABWBO2000DV0001',
                           'Daniele',
                           'Villa',
                           'daniele.villa@tim.it',
                           '3401234244',
                           DATE '1976-01-25',
                           DATE '2000-07-08' );
INSERT INTO socio VALUES ( 'ABWNA2016MS0001',
                           'Michela',
                           'Serra',
                           'michela.serra@fastwebnet.it',
                           '3321234244',
                           DATE '1983-05-26',
                           DATE '2016-01-29' );

-- Popolamento tabella osservatore
INSERT INTO osservatore VALUES ( 'ABWMI2010LR0001' );
INSERT INTO osservatore VALUES ( 'ABWRM2003MB0001' );
INSERT INTO osservatore VALUES ( 'ABWVE2010GV0002' );
INSERT INTO osservatore VALUES ( 'ABWPA2007FR0001' );
INSERT INTO osservatore VALUES ( 'ABWTO2014AF0001' );
INSERT INTO osservatore VALUES ( 'ABWFI2010SE0003' );
INSERT INTO osservatore VALUES ( 'ABWBO2005DC0001' );
INSERT INTO osservatore VALUES ( 'ABWNA2012ER0001' );
INSERT INTO osservatore VALUES ( 'ABWBA2008SG0001' );
INSERT INTO osservatore VALUES ( 'ABWMI2013VG0004' );
INSERT INTO osservatore VALUES ( 'ABWRM2000MC0001' );
INSERT INTO osservatore VALUES ( 'ABWVE2016CM0001' );
INSERT INTO osservatore VALUES ( 'ABWPA2004SL0001' );
INSERT INTO osservatore VALUES ( 'ABWTO2017MM0001' );
INSERT INTO osservatore VALUES ( 'ABWFI2010FB0005' );
INSERT INTO osservatore VALUES ( 'ABWBO2002PF0001' );
INSERT INTO osservatore VALUES ( 'ABWNA2010AM0002' );
INSERT INTO osservatore VALUES ( 'ABWBA2001RR0001' );
INSERT INTO osservatore VALUES ( 'ABWMI2010GF0006' );
INSERT INTO osservatore VALUES ( 'ABWRM2000SM0002' );
INSERT INTO osservatore VALUES ( 'ABWVE2001LB0001' );
INSERT INTO osservatore VALUES ( 'ABWPA2012FL0002' );
INSERT INTO osservatore VALUES ( 'ABWTO2000NG0001' );
INSERT INTO osservatore VALUES ( 'ABWFI2015IT0001' );
INSERT INTO osservatore VALUES ( 'ABWBO2000DV0001' );
INSERT INTO osservatore VALUES ( 'ABWNA2016MS0001' );

-- Popolamento tabella revisore (solo 3 perché non avrebbe nessun senso aggiungere 15 revisori)
INSERT INTO revisore VALUES ( 'ABWBO2000DV0001',
                              DATE '2000-07-08' );
INSERT INTO revisore VALUES ( 'ABWRM2003MB0001',
                              DATE '2005-05-04' );
INSERT INTO revisore VALUES ( 'ABWFI2010SE0003',
                              DATE '2022-09-05' );