-- Popolamento tabella regione
INSERT INTO regione VALUES ( 'IT-25',
                             'Lombardia',
                             'Italia' );
INSERT INTO regione VALUES ( 'IT-62',
                             'Lazio',
                             'Italia' );
INSERT INTO regione VALUES ( 'IT-34',
                             'Veneto',
                             'Italia' );
INSERT INTO regione VALUES ( 'IT-82',
                             'Sicilia',
                             'Italia' );
INSERT INTO regione VALUES ( 'IT-52',
                             'Toscana',
                             'Italia' );
INSERT INTO regione VALUES ( 'IT-21',
                             'Piemonte',
                             'Italia' );
INSERT INTO regione VALUES ( 'IT-45',
                             'Emilia-Romagna',
                             'Italia' );
INSERT INTO regione VALUES ( 'IT-72',
                             'Campania',
                             'Italia' );
INSERT INTO regione VALUES ( 'IT-75',
                             'Puglia',
                             'Italia' );
INSERT INTO regione VALUES ( 'FR-ARA',
                             'Alvernia-Rodano-Alpi',
                             'Francia' );
INSERT INTO regione VALUES ( 'DE-BY',
                             'Baviera',
                             'Germania' );
INSERT INTO regione VALUES ( 'ES-AN',
                             'Andalusia',
                             'Spagna' );
INSERT INTO regione VALUES ( 'FR-BFC',
                             'Borgogna-Franca Contea',
                             'Francia' );
INSERT INTO regione VALUES ( 'NL-NH',
                             'Noord-Holland',
                             'Paesi Bassi' );
INSERT INTO regione VALUES ( 'SE-AB',
                             'Stockholm',
                             'Svezia' );
INSERT INTO regione VALUES ( 'PT-11',
                             'Lisboa',
                             'Portogallo' );

-- Popolamento tabella socio
INSERT INTO socio VALUES ( 'ABWMI2010LR0001',
                           'Luca',
                           'Rossi',
                           'luca.rossi@gmail.com',
                           '3491234567',
                           DATE '1977-09-21',
                           DATE '2010-03-15' );
INSERT INTO socio VALUES ( 'ABWRM2003MB0001',
                           'Marco',
                           'Bianchi',
                           'marco.bianchi@libero.it',
                           '3401112233',
                           DATE '1984-02-12',
                           DATE '2003-11-02' );
INSERT INTO socio VALUES ( 'ABWVE2010GV0002',
                           'Giulia',
                           'Verdi',
                           'giulia.verdi@yahoo.com',
                           '3351234890',
                           DATE '1992-11-03',
                           DATE '2010-01-28' );
INSERT INTO socio VALUES ( 'ABWPA2007FR0001',
                           'Francesca',
                           'Russo',
                           'francesca.russo@outlook.com',
                           '3381112244',
                           DATE '1988-04-28',
                           DATE '2007-07-19' );
INSERT INTO socio VALUES ( 'ABWTO2014AF0001',
                           'Alessandro',
                           'Ferrari',
                           'alessandro.ferrari@tim.it',
                           '3321234567',
                           DATE '1995-07-15',
                           DATE '2014-12-03' );
INSERT INTO socio VALUES ( 'ABWFI2010SE0003',
                           'Sara',
                           'Esposito',
                           'sara.esposito@fastwebnet.it',
                           '3491112255',
                           DATE '1991-01-06',
                           DATE '2010-05-11' );
INSERT INTO socio VALUES ( 'ABWBO2005DC0001',
                           'Davide',
                           'Colombo',
                           'davide.colombo@alice.it',
                           '3421234890',
                           DATE '1981-12-17',
                           DATE '2005-09-22' );
INSERT INTO socio VALUES ( 'ABWNA2012ER0001',
                           'Elena',
                           'Ricci',
                           'elena.ricci@icloud.com',
                           '3381234567',
                           DATE '1993-03-08',
                           DATE '2012-02-14' );
INSERT INTO socio VALUES ( 'ABWBA2008SG0001',
                           'Simone',
                           'Gallo',
                           'simone.gallo@virgilio.it',
                           '3351112233',
                           DATE '1989-08-29',
                           DATE '2008-08-27' );
INSERT INTO socio VALUES ( 'ABWMI2013VG0004',
                           'Valentina',
                           'Greco',
                           'valentina.greco@hotmail.com',
                           '3491234890',
                           DATE '1994-05-10',
                           DATE '2013-04-09' );
INSERT INTO socio VALUES ( 'ABWRM2000MC0001',
                           'Matteo',
                           'Conti',
                           'matteo.conti@gmail.com',
                           '3401234567',
                           DATE '1978-10-11',
                           DATE '2000-10-30' );
INSERT INTO socio VALUES ( 'ABWVE2016CM0001',
                           'Chiara',
                           'Mancini',
                           'chiara.mancini@libero.it',
                           '3321112244',
                           DATE '1997-06-22',
                           DATE '2016-06-18' );
INSERT INTO socio VALUES ( 'ABWPA2004SL0001',
                           'Stefano',
                           'Lombardi',
                           'stefano.lombardi@yahoo.com',
                           '3381234890',
                           DATE '1986-03-13',
                           DATE '2004-03-07' );
INSERT INTO socio VALUES ( 'ABWTO2017MM0001',
                           'Martina',
                           'Moretti',
                           'martina.moretti@outlook.com',
                           '3491112233',
                           DATE '1998-12-04',
                           DATE '2017-11-25' );
INSERT INTO socio VALUES ( 'ABWFI2010FB0005',
                           'Fabio',
                           'Barbieri',
                           'fabio.barbieri@tim.it',
                           '3401234890',
                           DATE '1992-02-25',
                           DATE '2010-08-02' );
INSERT INTO socio VALUES ( 'ABWBO2002PF0001',
                           'Paola',
                           'Fontana',
                           'paola.fontana@fastwebnet.it',
                           '3321234890',
                           DATE '1984-11-16',
                           DATE '2002-04-16' );
INSERT INTO socio VALUES ( 'ABWNA2010AM0002',
                           'Andrea',
                           'Mariani',
                           'andrea.mariani@alice.it',
                           '3491112244',
                           DATE '1978-06-27',
                           DATE '2010-12-21' );
INSERT INTO socio VALUES ( 'ABWBA2001RR0001',
                           'Roberta',
                           'Riva',
                           'roberta.riva@icloud.com',
                           '3381112233',
                           DATE '1983-05-03',
                           DATE '2001-05-13' );
INSERT INTO socio VALUES ( 'ABWMI2010GF0006',
                           'Giorgio',
                           'Ferri',
                           'giorgio.ferri@virgilio.it',
                           '3351234567',
                           DATE '1971-09-19',
                           DATE '2010-10-17' );
INSERT INTO socio VALUES ( 'ABWRM2000SM0002',
                           'Silvia',
                           'Martini',
                           'silvia.martini@hotmail.com',
                           '3401112244',
                           DATE '1981-04-20',
                           DATE '2000-02-05' );
INSERT INTO socio VALUES ( 'ABWVE2001LB0001',
                           'Lorenzo',
                           'Bianco',
                           'lorenzo.bianco@gmail.com',
                           '3491234123',
                           DATE '1983-07-01',
                           DATE '2001-09-29' );
INSERT INTO socio VALUES ( 'ABWPA2012FL0002',
                           'Federica',
                           'Longo',
                           'federica.longo@libero.it',
                           '3321112233',
                           DATE '1969-10-22',
                           DATE '2012-07-04' );
INSERT INTO socio VALUES ( 'ABWTO2000NG0001',
                           'Nicola',
                           'Gatti',
                           'nicola.gatti@yahoo.com',
                           '3381234123',
                           DATE '1968-02-15',
                           DATE '2000-11-12' );
INSERT INTO socio VALUES ( 'ABWFI2015IT0001',
                           'Ilaria',
                           'Testa',
                           'ilaria.testa@outlook.com',
                           '3491234244',
                           DATE '1995-08-14',
                           DATE '2015-03-23' );
INSERT INTO socio VALUES ( 'ABWBO2000DV0001',
                           'Daniele',
                           'Villa',
                           'daniele.villa@tim.it',
                           '3401234244',
                           DATE '1976-01-25',
                           DATE '2000-07-08' );
INSERT INTO socio VALUES ( 'ABWNA2016MS0001',
                           'Michela',
                           'Serra',
                           'michela.serra@fastwebnet.it',
                           '3321234244',
                           DATE '1983-05-26',
                           DATE '2016-01-29' );

-- Popolamento tabella osservatore
INSERT INTO osservatore VALUES ( 'ABWMI2010LR0001' );
INSERT INTO osservatore VALUES ( 'ABWRM2003MB0001' );
INSERT INTO osservatore VALUES ( 'ABWVE2010GV0002' );
INSERT INTO osservatore VALUES ( 'ABWPA2007FR0001' );
INSERT INTO osservatore VALUES ( 'ABWTO2014AF0001' );
INSERT INTO osservatore VALUES ( 'ABWFI2010SE0003' );
INSERT INTO osservatore VALUES ( 'ABWBO2005DC0001' );
INSERT INTO osservatore VALUES ( 'ABWNA2012ER0001' );
INSERT INTO osservatore VALUES ( 'ABWBA2008SG0001' );
INSERT INTO osservatore VALUES ( 'ABWMI2013VG0004' );
INSERT INTO osservatore VALUES ( 'ABWRM2000MC0001' );
INSERT INTO osservatore VALUES ( 'ABWVE2016CM0001' );
INSERT INTO osservatore VALUES ( 'ABWPA2004SL0001' );
INSERT INTO osservatore VALUES ( 'ABWTO2017MM0001' );
INSERT INTO osservatore VALUES ( 'ABWFI2010FB0005' );
INSERT INTO osservatore VALUES ( 'ABWBO2002PF0001' );
INSERT INTO osservatore VALUES ( 'ABWNA2010AM0002' );
INSERT INTO osservatore VALUES ( 'ABWBA2001RR0001' );
INSERT INTO osservatore VALUES ( 'ABWMI2010GF0006' );
INSERT INTO osservatore VALUES ( 'ABWRM2000SM0002' );
INSERT INTO osservatore VALUES ( 'ABWVE2001LB0001' );
INSERT INTO osservatore VALUES ( 'ABWPA2012FL0002' );
INSERT INTO osservatore VALUES ( 'ABWTO2000NG0001' );
INSERT INTO osservatore VALUES ( 'ABWFI2015IT0001' );
INSERT INTO osservatore VALUES ( 'ABWBO2000DV0001' );
INSERT INTO osservatore VALUES ( 'ABWNA2016MS0001' );

-- Popolamento tabella revisore (solo 3 perché non avrebbe nessun senso aggiungere 15 revisori)
INSERT INTO revisore VALUES ( 'ABWBO2000DV0001',
                              DATE '2000-07-08' );
INSERT INTO revisore VALUES ( 'ABWRM2003MB0001',
                              DATE '2005-05-04' );
INSERT INTO revisore VALUES ( 'ABWFI2010SE0003',
                              DATE '2022-09-05' );

-- Popolamento tabella specie
INSERT INTO specie VALUES ( 'Aquila chrysaetos',
                            'Aquila reale',
                            'LC',
                            'Accipitridae',
                            'https://cloud.it/versi/aquila.mp3',
                            'https://cloud.it/img/aquila.jpg' );
INSERT INTO specie VALUES ( 'Passer italiae',
                            'Passero italiano',
                            'LC',
                            'Passeridae',
                            'https://cloud.it/versi/passero.mp3',
                            'https://cloud.it/img/passero.jpg' );
INSERT INTO specie VALUES ( 'Aythya nyroca',
                            'Moretta tabaccata',
                            'VU',
                            'Anatidae',
                            'https://cloud.it/versi/nyroca.mp3',
                            'https://cloud.it/img/nyroca.jpg' );
INSERT INTO specie VALUES ( 'Cettia cetti',
                            'Usignolo di fiume',
                            'LC',
                            'Cettiidae',
                            'https://cloud.it/versi/usignolo.mp3',
                            'https://cloud.it/img/usignolo.jpg' );
INSERT INTO specie VALUES ( 'Corvus corone',
                            'Cornacchia nera',
                            'LC',
                            'Corvidae',
                            'https://cloud.it/versi/cornacchia.mp3',
                            'https://cloud.it/img/cornacchia.jpg' );
INSERT INTO specie VALUES ( 'Turdus merula',
                            'Merlo',
                            'LC',
                            'Turdidae',
                            'https://cloud.it/versi/merlo.mp3',
                            'https://cloud.it/img/merlo.jpg' );
INSERT INTO specie VALUES ( 'Fringilla coelebs',
                            'Fringuello',
                            'LC',
                            'Fringillidae',
                            'https://cloud.it/versi/fringuello.mp3',
                            'https://cloud.it/img/fringuello.jpg' );
INSERT INTO specie VALUES ( 'Delichon urbicum',
                            'Rondine montana',
                            'LC',
                            'Hirundinidae',
                            'https://cloud.it/versi/rondinemontana.mp3',
                            'https://cloud.it/img/rondinemontana.jpg' );
INSERT INTO specie VALUES ( 'Aquila adalberti',
                            'Aquila imperiale iberica',
                            'EN',
                            'Accipitridae',
                            'https://cloud.it/versi/adalberti.mp3',
                            'https://cloud.it/img/adalberti.jpg' );
INSERT INTO specie VALUES ( 'Corvus corax',
                            'Corvo imperiale',
                            'LC',
                            'Corvidae',
                            'https://cloud.it/versi/corvo.mp3',
                            'https://cloud.it/img/corvo.jpg' );
INSERT INTO specie VALUES ( 'Streptopelia decaocto',
                            'Tortora dal collare',
                            'LC',
                            'Columbidae',
                            'https://cloud.it/versi/tortora.mp3',
                            'https://cloud.it/img/tortora.jpg' );
INSERT INTO specie VALUES ( 'Lanius collurio',
                            'Averla piccola',
                            'LC',
                            'Laniidae',
                            'https://cloud.it/versi/averla.mp3',
                            'https://cloud.it/img/averla.jpg' );
INSERT INTO specie VALUES ( 'Columba livia',
                            'Piccione',
                            'LC',
                            'Columbidae',
                            'https://cloud.it/versi/piccione.mp3',
                            'https://cloud.it/img/piccione.jpg' );
INSERT INTO specie VALUES ( 'Pyrrhula pyrrhula',
                            'Ciuffolotto',
                            'LC',
                            'Fringillidae',
                            'https://cloud.it/versi/ciuffolotto.mp3',
                            'https://cloud.it/img/ciuffolotto.jpg' );
INSERT INTO specie VALUES ( 'Picus viridis',
                            'Picchio verde',
                            'LC',
                            'Picidae',
                            'https://cloud.it/versi/picchioverde.mp3',
                            'https://cloud.it/img/picchioverde.jpg' );
INSERT INTO specie VALUES ( 'Apus apus',
                            'Rondone',
                            'LC',
                            'Apodidae',
                            'https://cloud.it/versi/rondone.mp3',
                            'https://cloud.it/img/rondone.jpg' );
INSERT INTO specie VALUES ( 'Motacilla alba',
                            'Ballerina bianca',
                            'LC',
                            'Motacillidae',
                            'https://cloud.it/versi/ballerinabianca.mp3',
                            'https://cloud.it/img/ballerinabianca.jpg' );
INSERT INTO specie VALUES ( 'Numenius tenuirostris',
                            'Chiurlo beccosottile',
                            'CR',
                            'Scolopacidae',
                            'https://cloud.it/versi/numenius.mp3',
                            'https://cloud.it/img/numenius.jpg' );
INSERT INTO specie VALUES ( 'Phoenicurus ochruros',
                            'Codirosso spazzacamino',
                            'LC',
                            'Muscicapidae',
                            'https://cloud.it/versi/codirosso.mp3',
                            'https://cloud.it/img/codirosso.jpg' );
INSERT INTO specie VALUES ( 'Sturnus vulgaris',
                            'Storno',
                            'LC',
                            'Sturnidae',
                            'https://cloud.it/versi/storno.mp3',
                            'https://cloud.it/img/storno.jpg' );
INSERT INTO specie VALUES ( 'Sylvia atricapilla',
                            'Capinera',
                            'LC',
                            'Sylviidae',
                            'https://cloud.it/versi/capinera.mp3',
                            'https://cloud.it/img/capinera.jpg' );
INSERT INTO specie VALUES ( 'Fringilla coelebs',
                            'Fringuello',
                            'LC',
                            'Fringillidae',
                            'https://cloud.it/versi/fringuello.mp3',
                            'https://cloud.it/img/fringuello.jpg' );
INSERT INTO specie VALUES ( 'Buteo buteo',
                            'Poiana',
                            'LC',
                            'Accipitridae',
                            'https://cloud.it/versi/poiana.mp3',
                            'https://cloud.it/img/poiana.jpg' );
INSERT INTO specie VALUES ( 'Cyanistes caeruleus',
                            'Cinciarella',
                            'LC',
                            'Paridae',
                            'https://cloud.it/versi/cinciarella.mp3',
                            'https://cloud.it/img/cinciarella.jpg' );
INSERT INTO specie VALUES ( 'Dendrocopos major',
                            'Picchio rosso maggiore',
                            'LC',
                            'Picidae',
                            'https://cloud.it/versi/picchiorosso.mp3',
                            'https://cloud.it/img/picchiorosso.jpg' );
INSERT INTO specie VALUES ( 'Tetrax tetrax',
                            'Gallina prataiola',
                            'NT',
                            'Otididae',
                            'https://cloud.it/versi/tetrax.mp3',
                            'https://cloud.it/img/tetrax.jpg' );
INSERT INTO specie VALUES ( 'Carduelis carduelis',
                            'Cardellino',
                            'LC',
                            'Fringillidae',
                            'https://cloud.it/versi/cardellino.mp3',
                            'https://cloud.it/img/cardellino.jpg' );
INSERT INTO specie VALUES ( 'Passer montanus',
                            'Passera mattugia',
                            'LC',
                            'Passeridae',
                            'https://cloud.it/versi/mattugia.mp3',
                            'https://cloud.it/img/mattugia.jpg' );
INSERT INTO specie VALUES ( 'Upupa epops',
                            'Upupa',
                            'LC',
                            'Upupidae',
                            'https://cloud.it/versi/upupa.mp3',
                            'https://cloud.it/img/upupa.jpg' );
INSERT INTO specie VALUES ( 'Parus major',
                            'Cinciallegra',
                            'LC',
                            'Paridae',
                            'https://cloud.it/versi/cinciallegra.mp3',
                            'https://cloud.it/img/cinciallegra.jpg' );
INSERT INTO specie VALUES ( 'Accipiter nisus',
                            'Sparviere',
                            'LC',
                            'Accipitridae',
                            'https://cloud.it/versi/sparviere.mp3',
                            'https://cloud.it/img/sparviere.jpg' );
INSERT INTO specie VALUES ( 'Erithacus rubecula',
                            'Pettirosso',
                            'LC',
                            'Muscicapidae',
                            'https://cloud.it/versi/pettirosso.mp3',
                            'https://cloud.it/img/pettirosso.jpg' );
INSERT INTO specie VALUES ( 'Regulus regulus',
                            'Fiorrancino',
                            'LC',
                            'Regulidae',
                            'https://cloud.it/versi/fiorrancino.mp3',
                            'https://cloud.it/img/fiorrancino.jpg' );
INSERT INTO specie VALUES ( 'Pica pica',
                            'Gazza',
                            'LC',
                            'Corvidae',
                            'https://cloud.it/versi/gazza.mp3',
                            'https://cloud.it/img/gazza.jpg' );